series;time;value
"ruche-g2elab.S6";"2018-07-16T16:16:00+02:00";26,6
"ruche-g2elab.S6";"2018-07-16T16:18:00+02:00";26,6
"ruche-g2elab.S6";"2018-07-16T16:20:00+02:00";26,824
"ruche-g2elab.S6";"2018-07-16T16:22:00+02:00";27,049
"ruche-g2elab.S6";"2018-07-16T16:24:00+02:00";27,273
"ruche-g2elab.S6";"2018-07-16T16:26:00+02:00";27,498
"ruche-g2elab.S6";"2018-07-16T16:28:00+02:00";27,722
"ruche-g2elab.S6";"2018-07-16T16:30:00+02:00";27,946
"ruche-g2elab.S6";"2018-07-16T16:32:00+02:00";28,171
"ruche-g2elab.S6";"2018-07-16T16:34:00+02:00";28,395
"ruche-g2elab.S6";"2018-07-16T16:36:00+02:00";28,62
"ruche-g2elab.S6";"2018-07-16T16:38:00+02:00";28,844
"ruche-g2elab.S6";"2018-07-16T16:40:00+02:00";29,068
"ruche-g2elab.S6";"2018-07-16T16:42:00+02:00";29,293
"ruche-g2elab.S6";"2018-07-16T16:44:00+02:00";29,517
"ruche-g2elab.S6";"2018-07-16T16:46:00+02:00";29,741
"ruche-g2elab.S6";"2018-07-16T16:48:00+02:00";29,966
"ruche-g2elab.S6";"2018-07-16T16:50:00+02:00";30,19
"ruche-g2elab.S6";"2018-07-16T16:52:00+02:00";30,415
"ruche-g2elab.S6";"2018-07-16T16:54:00+02:00";30,639
"ruche-g2elab.S6";"2018-07-16T16:56:00+02:00";30,863
"ruche-g2elab.S6";"2018-07-16T16:58:00+02:00";31,088
"ruche-g2elab.S6";"2018-07-16T17:00:00+02:00";31,312
"ruche-g2elab.S6";"2018-07-16T17:02:00+02:00";31,537
"ruche-g2elab.S6";"2018-07-16T17:04:00+02:00";31,761
"ruche-g2elab.S6";"2018-07-16T17:06:00+02:00";31,985
"ruche-g2elab.S6";"2018-07-16T17:08:00+02:00";32,21
"ruche-g2elab.S6";"2018-07-16T17:10:00+02:00";32,434
"ruche-g2elab.S6";"2018-07-16T17:12:00+02:00";32,659
"ruche-g2elab.S6";"2018-07-16T17:14:00+02:00";32,883
"ruche-g2elab.S6";"2018-07-16T17:16:00+02:00";33,107
"ruche-g2elab.S6";"2018-07-16T17:18:00+02:00";33,332
"ruche-g2elab.S6";"2018-07-16T17:20:00+02:00";33,556
"ruche-g2elab.S6";"2018-07-16T17:22:00+02:00";33,78
"ruche-g2elab.S6";"2018-07-16T17:24:00+02:00";34,005
"ruche-g2elab.S6";"2018-07-16T17:26:00+02:00";34,229
"ruche-g2elab.S6";"2018-07-16T17:28:00+02:00";34,454
"ruche-g2elab.S6";"2018-07-16T17:30:00+02:00";34,678
"ruche-g2elab.S6";"2018-07-16T17:32:00+02:00";34,902
"ruche-g2elab.S6";"2018-07-16T17:34:00+02:00";35,127
"ruche-g2elab.S6";"2018-07-16T17:36:00+02:00";35,351
"ruche-g2elab.S6";"2018-07-16T17:38:00+02:00";35,576
"ruche-g2elab.S6";"2018-07-16T17:40:00+02:00";35,8
"ruche-g2elab.S6";"2018-07-16T17:42:00+02:00";35,753
"ruche-g2elab.S6";"2018-07-16T17:44:00+02:00";35,706
"ruche-g2elab.S6";"2018-07-16T17:46:00+02:00";35,659
"ruche-g2elab.S6";"2018-07-16T17:48:00+02:00";35,612
"ruche-g2elab.S6";"2018-07-16T17:50:00+02:00";35,566
"ruche-g2elab.S6";"2018-07-16T17:52:00+02:00";35,519
"ruche-g2elab.S6";"2018-07-16T17:54:00+02:00";35,472
"ruche-g2elab.S6";"2018-07-16T17:56:00+02:00";35,425
"ruche-g2elab.S6";"2018-07-16T17:58:00+02:00";35,378
"ruche-g2elab.S6";"2018-07-16T18:00:00+02:00";35,331
"ruche-g2elab.S6";"2018-07-16T18:02:00+02:00";35,284
"ruche-g2elab.S6";"2018-07-16T18:04:00+02:00";35,237
"ruche-g2elab.S6";"2018-07-16T18:06:00+02:00";35,19
"ruche-g2elab.S6";"2018-07-16T18:08:00+02:00";35,144
"ruche-g2elab.S6";"2018-07-16T18:10:00+02:00";35,097
"ruche-g2elab.S6";"2018-07-16T18:12:00+02:00";35,05
"ruche-g2elab.S6";"2018-07-16T18:14:00+02:00";35,003
"ruche-g2elab.S6";"2018-07-16T18:16:00+02:00";34,956
"ruche-g2elab.S6";"2018-07-16T18:18:00+02:00";34,909
"ruche-g2elab.S6";"2018-07-16T18:20:00+02:00";34,862
"ruche-g2elab.S6";"2018-07-16T18:22:00+02:00";34,815
"ruche-g2elab.S6";"2018-07-16T18:24:00+02:00";34,768
"ruche-g2elab.S6";"2018-07-16T18:26:00+02:00";34,722
"ruche-g2elab.S6";"2018-07-16T18:28:00+02:00";34,675
"ruche-g2elab.S6";"2018-07-16T18:30:00+02:00";34,628
"ruche-g2elab.S6";"2018-07-16T18:32:00+02:00";34,581
"ruche-g2elab.S6";"2018-07-16T18:34:00+02:00";34,534
"ruche-g2elab.S6";"2018-07-16T18:36:00+02:00";34,487
"ruche-g2elab.S6";"2018-07-16T18:38:00+02:00";34,44
"ruche-g2elab.S6";"2018-07-16T18:40:00+02:00";34,393
"ruche-g2elab.S6";"2018-07-16T18:42:00+02:00";34,346
"ruche-g2elab.S6";"2018-07-16T18:44:00+02:00";34,3
"ruche-g2elab.S6";"2018-07-16T18:46:00+02:00";34,253
"ruche-g2elab.S6";"2018-07-16T18:48:00+02:00";34,206
"ruche-g2elab.S6";"2018-07-16T18:50:00+02:00";34,159
"ruche-g2elab.S6";"2018-07-16T18:52:00+02:00";34,112
"ruche-g2elab.S6";"2018-07-16T18:54:00+02:00";34,065
"ruche-g2elab.S6";"2018-07-16T18:56:00+02:00";34,018
"ruche-g2elab.S6";"2018-07-16T18:58:00+02:00";33,971
"ruche-g2elab.S6";"2018-07-16T19:00:00+02:00";33,924
"ruche-g2elab.S6";"2018-07-16T19:02:00+02:00";33,878
"ruche-g2elab.S6";"2018-07-16T19:04:00+02:00";33,831
"ruche-g2elab.S6";"2018-07-16T19:06:00+02:00";33,784
"ruche-g2elab.S6";"2018-07-16T19:08:00+02:00";33,737
"ruche-g2elab.S6";"2018-07-16T19:10:00+02:00";33,69
"ruche-g2elab.S6";"2018-07-16T19:12:00+02:00";33,643
"ruche-g2elab.S6";"2018-07-16T19:14:00+02:00";33,596
"ruche-g2elab.S6";"2018-07-16T19:16:00+02:00";33,549
"ruche-g2elab.S6";"2018-07-16T19:18:00+02:00";33,502
"ruche-g2elab.S6";"2018-07-16T19:20:00+02:00";33,456
"ruche-g2elab.S6";"2018-07-16T19:22:00+02:00";33,409
"ruche-g2elab.S6";"2018-07-16T19:24:00+02:00";33,362
"ruche-g2elab.S6";"2018-07-16T19:26:00+02:00";33,315
"ruche-g2elab.S6";"2018-07-16T19:28:00+02:00";33,268
"ruche-g2elab.S6";"2018-07-16T19:30:00+02:00";33,221
"ruche-g2elab.S6";"2018-07-16T19:32:00+02:00";33,174
"ruche-g2elab.S6";"2018-07-16T19:34:00+02:00";33,127
"ruche-g2elab.S6";"2018-07-16T19:36:00+02:00";33,08
"ruche-g2elab.S6";"2018-07-16T19:38:00+02:00";33,034
"ruche-g2elab.S6";"2018-07-16T19:40:00+02:00";32,987
"ruche-g2elab.S6";"2018-07-16T19:42:00+02:00";32,94
"ruche-g2elab.S6";"2018-07-16T19:44:00+02:00";32,893
"ruche-g2elab.S6";"2018-07-16T19:46:00+02:00";32,846
"ruche-g2elab.S6";"2018-07-16T19:48:00+02:00";32,799
"ruche-g2elab.S6";"2018-07-16T19:50:00+02:00";32,752
"ruche-g2elab.S6";"2018-07-16T19:52:00+02:00";32,705
"ruche-g2elab.S6";"2018-07-16T19:54:00+02:00";32,659
"ruche-g2elab.S6";"2018-07-16T19:56:00+02:00";32,612
"ruche-g2elab.S6";"2018-07-16T19:58:00+02:00";32,565
"ruche-g2elab.S6";"2018-07-16T20:00:00+02:00";32,518
"ruche-g2elab.S6";"2018-07-16T20:02:00+02:00";32,471
"ruche-g2elab.S6";"2018-07-16T20:04:00+02:00";32,424
"ruche-g2elab.S6";"2018-07-16T20:06:00+02:00";32,377
"ruche-g2elab.S6";"2018-07-16T20:08:00+02:00";32,33
"ruche-g2elab.S6";"2018-07-16T20:10:00+02:00";32,283
"ruche-g2elab.S6";"2018-07-16T20:12:00+02:00";32,237
"ruche-g2elab.S6";"2018-07-16T20:14:00+02:00";32,19
"ruche-g2elab.S6";"2018-07-16T20:16:00+02:00";32,143
"ruche-g2elab.S6";"2018-07-16T20:18:00+02:00";32,096
"ruche-g2elab.S6";"2018-07-16T20:20:00+02:00";32,049
"ruche-g2elab.S6";"2018-07-16T20:22:00+02:00";32,002
"ruche-g2elab.S6";"2018-07-16T20:24:00+02:00";31,955
"ruche-g2elab.S6";"2018-07-16T20:26:00+02:00";31,908
"ruche-g2elab.S6";"2018-07-16T20:28:00+02:00";31,861
"ruche-g2elab.S6";"2018-07-16T20:30:00+02:00";31,815
"ruche-g2elab.S6";"2018-07-16T20:32:00+02:00";31,768
"ruche-g2elab.S6";"2018-07-16T20:34:00+02:00";31,721
"ruche-g2elab.S6";"2018-07-16T20:36:00+02:00";31,674
"ruche-g2elab.S6";"2018-07-16T20:38:00+02:00";31,627
"ruche-g2elab.S6";"2018-07-16T20:40:00+02:00";31,58
"ruche-g2elab.S6";"2018-07-16T20:42:00+02:00";31,533
"ruche-g2elab.S6";"2018-07-16T20:44:00+02:00";31,486
"ruche-g2elab.S6";"2018-07-16T20:46:00+02:00";31,439
"ruche-g2elab.S6";"2018-07-16T20:48:00+02:00";31,393
"ruche-g2elab.S6";"2018-07-16T20:50:00+02:00";31,346
"ruche-g2elab.S6";"2018-07-16T20:52:00+02:00";31,299
"ruche-g2elab.S6";"2018-07-16T20:54:00+02:00";31,252
"ruche-g2elab.S6";"2018-07-16T20:56:00+02:00";31,205
"ruche-g2elab.S6";"2018-07-16T20:58:00+02:00";31,158
"ruche-g2elab.S6";"2018-07-16T21:00:00+02:00";31,111
"ruche-g2elab.S6";"2018-07-16T21:02:00+02:00";31,064
"ruche-g2elab.S6";"2018-07-16T21:04:00+02:00";31,017
"ruche-g2elab.S6";"2018-07-16T21:06:00+02:00";30,971
"ruche-g2elab.S6";"2018-07-16T21:08:00+02:00";30,924
"ruche-g2elab.S6";"2018-07-16T21:10:00+02:00";30,877
"ruche-g2elab.S6";"2018-07-16T21:12:00+02:00";30,83
"ruche-g2elab.S6";"2018-07-16T21:14:00+02:00";30,783
"ruche-g2elab.S6";"2018-07-16T21:16:00+02:00";30,736
"ruche-g2elab.S6";"2018-07-16T21:18:00+02:00";30,689
"ruche-g2elab.S6";"2018-07-16T21:20:00+02:00";30,642
"ruche-g2elab.S6";"2018-07-16T21:22:00+02:00";30,595
"ruche-g2elab.S6";"2018-07-16T21:24:00+02:00";30,549
"ruche-g2elab.S6";"2018-07-16T21:26:00+02:00";30,502
"ruche-g2elab.S6";"2018-07-16T21:28:00+02:00";30,455
"ruche-g2elab.S6";"2018-07-16T21:30:00+02:00";30,408
"ruche-g2elab.S6";"2018-07-16T21:32:00+02:00";30,361
"ruche-g2elab.S6";"2018-07-16T21:34:00+02:00";30,314
"ruche-g2elab.S6";"2018-07-16T21:36:00+02:00";30,267
"ruche-g2elab.S6";"2018-07-16T21:38:00+02:00";30,22
"ruche-g2elab.S6";"2018-07-16T21:40:00+02:00";30,173
"ruche-g2elab.S6";"2018-07-16T21:42:00+02:00";30,127
"ruche-g2elab.S6";"2018-07-16T21:44:00+02:00";30,08
"ruche-g2elab.S6";"2018-07-16T21:46:00+02:00";30,033
"ruche-g2elab.S6";"2018-07-16T21:48:00+02:00";29,986
"ruche-g2elab.S6";"2018-07-16T21:50:00+02:00";29,939
"ruche-g2elab.S6";"2018-07-16T21:52:00+02:00";29,892
"ruche-g2elab.S6";"2018-07-16T21:54:00+02:00";29,845
"ruche-g2elab.S6";"2018-07-16T21:56:00+02:00";29,798
"ruche-g2elab.S6";"2018-07-16T21:58:00+02:00";29,751
"ruche-g2elab.S6";"2018-07-16T22:00:00+02:00";29,705
"ruche-g2elab.S6";"2018-07-16T22:02:00+02:00";29,658
"ruche-g2elab.S6";"2018-07-16T22:04:00+02:00";29,611
"ruche-g2elab.S6";"2018-07-16T22:06:00+02:00";29,564
"ruche-g2elab.S6";"2018-07-16T22:08:00+02:00";29,517
"ruche-g2elab.S6";"2018-07-16T22:10:00+02:00";29,47
"ruche-g2elab.S6";"2018-07-16T22:12:00+02:00";29,423
"ruche-g2elab.S6";"2018-07-16T22:14:00+02:00";29,376
"ruche-g2elab.S6";"2018-07-16T22:16:00+02:00";29,329
"ruche-g2elab.S6";"2018-07-16T22:18:00+02:00";29,283
"ruche-g2elab.S6";"2018-07-16T22:20:00+02:00";29,236
"ruche-g2elab.S6";"2018-07-16T22:22:00+02:00";29,189
"ruche-g2elab.S6";"2018-07-16T22:24:00+02:00";29,142
"ruche-g2elab.S6";"2018-07-16T22:26:00+02:00";29,095
"ruche-g2elab.S6";"2018-07-16T22:28:00+02:00";29,048
"ruche-g2elab.S6";"2018-07-16T22:30:00+02:00";29,001
"ruche-g2elab.S6";"2018-07-16T22:32:00+02:00";28,954
"ruche-g2elab.S6";"2018-07-16T22:34:00+02:00";28,907
"ruche-g2elab.S6";"2018-07-16T22:36:00+02:00";28,861
"ruche-g2elab.S6";"2018-07-16T22:38:00+02:00";28,814
"ruche-g2elab.S6";"2018-07-16T22:40:00+02:00";28,767
"ruche-g2elab.S6";"2018-07-16T22:42:00+02:00";28,72
"ruche-g2elab.S6";"2018-07-16T22:44:00+02:00";28,673
"ruche-g2elab.S6";"2018-07-16T22:46:00+02:00";28,626
"ruche-g2elab.S6";"2018-07-16T22:48:00+02:00";28,579
"ruche-g2elab.S6";"2018-07-16T22:50:00+02:00";28,532
"ruche-g2elab.S6";"2018-07-16T22:52:00+02:00";28,485
"ruche-g2elab.S6";"2018-07-16T22:54:00+02:00";28,439
"ruche-g2elab.S6";"2018-07-16T22:56:00+02:00";28,392
"ruche-g2elab.S6";"2018-07-16T22:58:00+02:00";28,345
"ruche-g2elab.S6";"2018-07-16T23:00:00+02:00";28,298
"ruche-g2elab.S6";"2018-07-16T23:02:00+02:00";28,251
"ruche-g2elab.S6";"2018-07-16T23:04:00+02:00";28,204
"ruche-g2elab.S6";"2018-07-16T23:06:00+02:00";28,157
"ruche-g2elab.S6";"2018-07-16T23:08:00+02:00";28,11
"ruche-g2elab.S6";"2018-07-16T23:10:00+02:00";28,063
"ruche-g2elab.S6";"2018-07-16T23:12:00+02:00";28,017
"ruche-g2elab.S6";"2018-07-16T23:14:00+02:00";27,97
"ruche-g2elab.S6";"2018-07-16T23:16:00+02:00";27,923
"ruche-g2elab.S6";"2018-07-16T23:18:00+02:00";27,876
"ruche-g2elab.S6";"2018-07-16T23:20:00+02:00";27,829
"ruche-g2elab.S6";"2018-07-16T23:22:00+02:00";27,782
"ruche-g2elab.S6";"2018-07-16T23:24:00+02:00";27,735
"ruche-g2elab.S6";"2018-07-16T23:26:00+02:00";27,688
"ruche-g2elab.S6";"2018-07-16T23:28:00+02:00";27,641
"ruche-g2elab.S6";"2018-07-16T23:30:00+02:00";27,595
"ruche-g2elab.S6";"2018-07-16T23:32:00+02:00";27,548
"ruche-g2elab.S6";"2018-07-16T23:34:00+02:00";27,501
"ruche-g2elab.S6";"2018-07-16T23:36:00+02:00";27,454
"ruche-g2elab.S6";"2018-07-16T23:38:00+02:00";27,407
"ruche-g2elab.S6";"2018-07-16T23:40:00+02:00";27,36
"ruche-g2elab.S6";"2018-07-16T23:42:00+02:00";27,313
"ruche-g2elab.S6";"2018-07-16T23:44:00+02:00";27,266
"ruche-g2elab.S6";"2018-07-16T23:46:00+02:00";27,22
"ruche-g2elab.S6";"2018-07-16T23:48:00+02:00";27,173
"ruche-g2elab.S6";"2018-07-16T23:50:00+02:00";27,126
"ruche-g2elab.S6";"2018-07-16T23:52:00+02:00";27,079
"ruche-g2elab.S6";"2018-07-16T23:54:00+02:00";27,032
"ruche-g2elab.S6";"2018-07-16T23:56:00+02:00";26,985
"ruche-g2elab.S6";"2018-07-16T23:58:00+02:00";26,938
"ruche-g2elab.S6";"2018-07-17T00:00:00+02:00";26,891
"ruche-g2elab.S6";"2018-07-17T00:02:00+02:00";26,844
"ruche-g2elab.S6";"2018-07-17T00:04:00+02:00";26,798
"ruche-g2elab.S6";"2018-07-17T00:06:00+02:00";26,751
"ruche-g2elab.S6";"2018-07-17T00:08:00+02:00";26,704
"ruche-g2elab.S6";"2018-07-17T00:10:00+02:00";26,657
"ruche-g2elab.S6";"2018-07-17T00:12:00+02:00";26,61
"ruche-g2elab.S6";"2018-07-17T00:14:00+02:00";26,563
"ruche-g2elab.S6";"2018-07-17T00:16:00+02:00";26,516
"ruche-g2elab.S6";"2018-07-17T00:18:00+02:00";26,469
"ruche-g2elab.S6";"2018-07-17T00:20:00+02:00";26,422
"ruche-g2elab.S6";"2018-07-17T00:22:00+02:00";26,376
"ruche-g2elab.S6";"2018-07-17T00:24:00+02:00";26,329
"ruche-g2elab.S6";"2018-07-17T00:26:00+02:00";26,282
"ruche-g2elab.S6";"2018-07-17T00:28:00+02:00";26,235
"ruche-g2elab.S6";"2018-07-17T00:30:00+02:00";26,188
"ruche-g2elab.S6";"2018-07-17T00:32:00+02:00";26,141
"ruche-g2elab.S6";"2018-07-17T00:34:00+02:00";26,094
"ruche-g2elab.S6";"2018-07-17T00:36:00+02:00";26,047
"ruche-g2elab.S6";"2018-07-17T00:38:00+02:00";26
"ruche-g2elab.S6";"2018-07-17T00:40:00+02:00";25,954
"ruche-g2elab.S6";"2018-07-17T00:42:00+02:00";25,907
"ruche-g2elab.S6";"2018-07-17T00:44:00+02:00";25,86
"ruche-g2elab.S6";"2018-07-17T00:46:00+02:00";25,813
"ruche-g2elab.S6";"2018-07-17T00:48:00+02:00";25,766
"ruche-g2elab.S6";"2018-07-17T00:50:00+02:00";25,719
"ruche-g2elab.S6";"2018-07-17T00:52:00+02:00";25,672
"ruche-g2elab.S6";"2018-07-17T00:54:00+02:00";25,625
"ruche-g2elab.S6";"2018-07-17T00:56:00+02:00";25,578
"ruche-g2elab.S6";"2018-07-17T00:58:00+02:00";25,532
"ruche-g2elab.S6";"2018-07-17T01:00:00+02:00";25,485
"ruche-g2elab.S6";"2018-07-17T01:02:00+02:00";25,438
"ruche-g2elab.S6";"2018-07-17T01:04:00+02:00";25,391
"ruche-g2elab.S6";"2018-07-17T01:06:00+02:00";25,344
"ruche-g2elab.S6";"2018-07-17T01:08:00+02:00";25,297
"ruche-g2elab.S6";"2018-07-17T01:10:00+02:00";25,25
"ruche-g2elab.S6";"2018-07-17T01:12:00+02:00";25,203
"ruche-g2elab.S6";"2018-07-17T01:14:00+02:00";25,156
"ruche-g2elab.S6";"2018-07-17T01:16:00+02:00";25,11
"ruche-g2elab.S6";"2018-07-17T01:18:00+02:00";25,063
"ruche-g2elab.S6";"2018-07-17T01:20:00+02:00";25,016
"ruche-g2elab.S6";"2018-07-17T01:22:00+02:00";24,969
"ruche-g2elab.S6";"2018-07-17T01:24:00+02:00";24,922
"ruche-g2elab.S6";"2018-07-17T01:26:00+02:00";24,875
"ruche-g2elab.S6";"2018-07-17T01:28:00+02:00";24,828
"ruche-g2elab.S6";"2018-07-17T01:30:00+02:00";24,781
"ruche-g2elab.S6";"2018-07-17T01:32:00+02:00";24,734
"ruche-g2elab.S6";"2018-07-17T01:34:00+02:00";24,688
"ruche-g2elab.S6";"2018-07-17T01:36:00+02:00";24,641
"ruche-g2elab.S6";"2018-07-17T01:38:00+02:00";24,594
"ruche-g2elab.S6";"2018-07-17T01:40:00+02:00";24,547
"ruche-g2elab.S6";"2018-07-17T01:42:00+02:00";24,5
"ruche-g2elab.S6";"2018-07-17T01:44:00+02:00";24,5
"ruche-g2elab.S6";"2018-07-17T01:46:00+02:00";24,5
"ruche-g2elab.S6";"2018-07-17T01:48:00+02:00";24,467
"ruche-g2elab.S6";"2018-07-17T01:50:00+02:00";24,433
"ruche-g2elab.S6";"2018-07-17T01:52:00+02:00";24,4
"ruche-g2elab.S6";"2018-07-17T01:54:00+02:00";24,35
"ruche-g2elab.S6";"2018-07-17T01:56:00+02:00";24,3
"ruche-g2elab.S6";"2018-07-17T01:58:00+02:00";24,275
"ruche-g2elab.S6";"2018-07-17T02:00:00+02:00";24,25
"ruche-g2elab.S6";"2018-07-17T02:02:00+02:00";24,225
"ruche-g2elab.S6";"2018-07-17T02:04:00+02:00";24,2
"ruche-g2elab.S6";"2018-07-17T02:06:00+02:00";24,169
"ruche-g2elab.S6";"2018-07-17T02:08:00+02:00";24,138
"ruche-g2elab.S6";"2018-07-17T02:10:00+02:00";24,108
"ruche-g2elab.S6";"2018-07-17T02:12:00+02:00";24,077
"ruche-g2elab.S6";"2018-07-17T02:14:00+02:00";24,046
"ruche-g2elab.S6";"2018-07-17T02:16:00+02:00";24,015
"ruche-g2elab.S6";"2018-07-17T02:18:00+02:00";23,985
"ruche-g2elab.S6";"2018-07-17T02:20:00+02:00";23,954
"ruche-g2elab.S6";"2018-07-17T02:22:00+02:00";23,923
"ruche-g2elab.S6";"2018-07-17T02:24:00+02:00";23,892
"ruche-g2elab.S6";"2018-07-17T02:26:00+02:00";23,862
"ruche-g2elab.S6";"2018-07-17T02:28:00+02:00";23,831
"ruche-g2elab.S6";"2018-07-17T02:30:00+02:00";23,8
"ruche-g2elab.S6";"2018-07-17T02:32:00+02:00";23,769
"ruche-g2elab.S6";"2018-07-17T02:34:00+02:00";23,738
"ruche-g2elab.S6";"2018-07-17T02:36:00+02:00";23,708
"ruche-g2elab.S6";"2018-07-17T02:38:00+02:00";23,677
"ruche-g2elab.S6";"2018-07-17T02:40:00+02:00";23,646
"ruche-g2elab.S6";"2018-07-17T02:42:00+02:00";23,615
"ruche-g2elab.S6";"2018-07-17T02:44:00+02:00";23,585
"ruche-g2elab.S6";"2018-07-17T02:46:00+02:00";23,554
"ruche-g2elab.S6";"2018-07-17T02:48:00+02:00";23,523
"ruche-g2elab.S6";"2018-07-17T02:50:00+02:00";23,492
"ruche-g2elab.S6";"2018-07-17T02:52:00+02:00";23,462
"ruche-g2elab.S6";"2018-07-17T02:54:00+02:00";23,431
"ruche-g2elab.S6";"2018-07-17T02:56:00+02:00";23,4
"ruche-g2elab.S6";"2018-07-17T02:58:00+02:00";23,35
"ruche-g2elab.S6";"2018-07-17T03:00:00+02:00";23,3
"ruche-g2elab.S6";"2018-07-17T03:02:00+02:00";23,3
"ruche-g2elab.S13";"2018-07-16T16:16:00+02:00";26,5
"ruche-g2elab.S13";"2018-07-16T16:18:00+02:00";26,6
"ruche-g2elab.S13";"2018-07-16T16:20:00+02:00";26,998
"ruche-g2elab.S13";"2018-07-16T16:22:00+02:00";27,395
"ruche-g2elab.S13";"2018-07-16T16:24:00+02:00";27,793
"ruche-g2elab.S13";"2018-07-16T16:26:00+02:00";28,19
"ruche-g2elab.S13";"2018-07-16T16:28:00+02:00";28,588
"ruche-g2elab.S13";"2018-07-16T16:30:00+02:00";28,985
"ruche-g2elab.S13";"2018-07-16T16:32:00+02:00";29,383
"ruche-g2elab.S13";"2018-07-16T16:34:00+02:00";29,78
"ruche-g2elab.S13";"2018-07-16T16:36:00+02:00";30,178
"ruche-g2elab.S13";"2018-07-16T16:38:00+02:00";30,576
"ruche-g2elab.S13";"2018-07-16T16:40:00+02:00";30,973
"ruche-g2elab.S13";"2018-07-16T16:42:00+02:00";31,371
"ruche-g2elab.S13";"2018-07-16T16:44:00+02:00";31,768
"ruche-g2elab.S13";"2018-07-16T16:46:00+02:00";32,166
"ruche-g2elab.S13";"2018-07-16T16:48:00+02:00";32,563
"ruche-g2elab.S13";"2018-07-16T16:50:00+02:00";32,961
"ruche-g2elab.S13";"2018-07-16T16:52:00+02:00";33,359
"ruche-g2elab.S13";"2018-07-16T16:54:00+02:00";33,756
"ruche-g2elab.S13";"2018-07-16T16:56:00+02:00";34,154
"ruche-g2elab.S13";"2018-07-16T16:58:00+02:00";34,551
"ruche-g2elab.S13";"2018-07-16T17:00:00+02:00";34,949
"ruche-g2elab.S13";"2018-07-16T17:02:00+02:00";35,346
"ruche-g2elab.S13";"2018-07-16T17:04:00+02:00";35,744
"ruche-g2elab.S13";"2018-07-16T17:06:00+02:00";36,141
"ruche-g2elab.S13";"2018-07-16T17:08:00+02:00";36,539
"ruche-g2elab.S13";"2018-07-16T17:10:00+02:00";36,937
"ruche-g2elab.S13";"2018-07-16T17:12:00+02:00";37,334
"ruche-g2elab.S13";"2018-07-16T17:14:00+02:00";37,732
"ruche-g2elab.S13";"2018-07-16T17:16:00+02:00";38,129
"ruche-g2elab.S13";"2018-07-16T17:18:00+02:00";38,527
"ruche-g2elab.S13";"2018-07-16T17:20:00+02:00";38,924
"ruche-g2elab.S13";"2018-07-16T17:22:00+02:00";39,322
"ruche-g2elab.S13";"2018-07-16T17:24:00+02:00";39,72
"ruche-g2elab.S13";"2018-07-16T17:26:00+02:00";40,117
"ruche-g2elab.S13";"2018-07-16T17:28:00+02:00";40,515
"ruche-g2elab.S13";"2018-07-16T17:30:00+02:00";40,912
"ruche-g2elab.S13";"2018-07-16T17:32:00+02:00";41,31
"ruche-g2elab.S13";"2018-07-16T17:34:00+02:00";41,707
"ruche-g2elab.S13";"2018-07-16T17:36:00+02:00";42,105
"ruche-g2elab.S13";"2018-07-16T17:38:00+02:00";42,502
"ruche-g2elab.S13";"2018-07-16T17:40:00+02:00";42,9
"ruche-g2elab.S13";"2018-07-16T17:42:00+02:00";42,824
"ruche-g2elab.S13";"2018-07-16T17:44:00+02:00";42,747
"ruche-g2elab.S13";"2018-07-16T17:46:00+02:00";42,671
"ruche-g2elab.S13";"2018-07-16T17:48:00+02:00";42,595
"ruche-g2elab.S13";"2018-07-16T17:50:00+02:00";42,518
"ruche-g2elab.S13";"2018-07-16T17:52:00+02:00";42,442
"ruche-g2elab.S13";"2018-07-16T17:54:00+02:00";42,366
"ruche-g2elab.S13";"2018-07-16T17:56:00+02:00";42,289
"ruche-g2elab.S13";"2018-07-16T17:58:00+02:00";42,213
"ruche-g2elab.S13";"2018-07-16T18:00:00+02:00";42,137
"ruche-g2elab.S13";"2018-07-16T18:02:00+02:00";42,06
"ruche-g2elab.S13";"2018-07-16T18:04:00+02:00";41,984
"ruche-g2elab.S13";"2018-07-16T18:06:00+02:00";41,907
"ruche-g2elab.S13";"2018-07-16T18:08:00+02:00";41,831
"ruche-g2elab.S13";"2018-07-16T18:10:00+02:00";41,755
"ruche-g2elab.S13";"2018-07-16T18:12:00+02:00";41,678
"ruche-g2elab.S13";"2018-07-16T18:14:00+02:00";41,602
"ruche-g2elab.S13";"2018-07-16T18:16:00+02:00";41,526
"ruche-g2elab.S13";"2018-07-16T18:18:00+02:00";41,449
"ruche-g2elab.S13";"2018-07-16T18:20:00+02:00";41,373
"ruche-g2elab.S13";"2018-07-16T18:22:00+02:00";41,297
"ruche-g2elab.S13";"2018-07-16T18:24:00+02:00";41,22
"ruche-g2elab.S13";"2018-07-16T18:26:00+02:00";41,144
"ruche-g2elab.S13";"2018-07-16T18:28:00+02:00";41,068
"ruche-g2elab.S13";"2018-07-16T18:30:00+02:00";40,991
"ruche-g2elab.S13";"2018-07-16T18:32:00+02:00";40,915
"ruche-g2elab.S13";"2018-07-16T18:34:00+02:00";40,839
"ruche-g2elab.S13";"2018-07-16T18:36:00+02:00";40,762
"ruche-g2elab.S13";"2018-07-16T18:38:00+02:00";40,686
"ruche-g2elab.S13";"2018-07-16T18:40:00+02:00";40,61
"ruche-g2elab.S13";"2018-07-16T18:42:00+02:00";40,533
"ruche-g2elab.S13";"2018-07-16T18:44:00+02:00";40,457
"ruche-g2elab.S13";"2018-07-16T18:46:00+02:00";40,38
"ruche-g2elab.S13";"2018-07-16T18:48:00+02:00";40,304
"ruche-g2elab.S13";"2018-07-16T18:50:00+02:00";40,228
"ruche-g2elab.S13";"2018-07-16T18:52:00+02:00";40,151
"ruche-g2elab.S13";"2018-07-16T18:54:00+02:00";40,075
"ruche-g2elab.S13";"2018-07-16T18:56:00+02:00";39,999
"ruche-g2elab.S13";"2018-07-16T18:58:00+02:00";39,922
"ruche-g2elab.S13";"2018-07-16T19:00:00+02:00";39,846
"ruche-g2elab.S13";"2018-07-16T19:02:00+02:00";39,77
"ruche-g2elab.S13";"2018-07-16T19:04:00+02:00";39,693
"ruche-g2elab.S13";"2018-07-16T19:06:00+02:00";39,617
"ruche-g2elab.S13";"2018-07-16T19:08:00+02:00";39,541
"ruche-g2elab.S13";"2018-07-16T19:10:00+02:00";39,464
"ruche-g2elab.S13";"2018-07-16T19:12:00+02:00";39,388
"ruche-g2elab.S13";"2018-07-16T19:14:00+02:00";39,312
"ruche-g2elab.S13";"2018-07-16T19:16:00+02:00";39,235
"ruche-g2elab.S13";"2018-07-16T19:18:00+02:00";39,159
"ruche-g2elab.S13";"2018-07-16T19:20:00+02:00";39,083
"ruche-g2elab.S13";"2018-07-16T19:22:00+02:00";39,006
"ruche-g2elab.S13";"2018-07-16T19:24:00+02:00";38,93
"ruche-g2elab.S13";"2018-07-16T19:26:00+02:00";38,854
"ruche-g2elab.S13";"2018-07-16T19:28:00+02:00";38,777
"ruche-g2elab.S13";"2018-07-16T19:30:00+02:00";38,701
"ruche-g2elab.S13";"2018-07-16T19:32:00+02:00";38,624
"ruche-g2elab.S13";"2018-07-16T19:34:00+02:00";38,548
"ruche-g2elab.S13";"2018-07-16T19:36:00+02:00";38,472
"ruche-g2elab.S13";"2018-07-16T19:38:00+02:00";38,395
"ruche-g2elab.S13";"2018-07-16T19:40:00+02:00";38,319
"ruche-g2elab.S13";"2018-07-16T19:42:00+02:00";38,243
"ruche-g2elab.S13";"2018-07-16T19:44:00+02:00";38,166
"ruche-g2elab.S13";"2018-07-16T19:46:00+02:00";38,09
"ruche-g2elab.S13";"2018-07-16T19:48:00+02:00";38,014
"ruche-g2elab.S13";"2018-07-16T19:50:00+02:00";37,937
"ruche-g2elab.S13";"2018-07-16T19:52:00+02:00";37,861
"ruche-g2elab.S13";"2018-07-16T19:54:00+02:00";37,785
"ruche-g2elab.S13";"2018-07-16T19:56:00+02:00";37,708
"ruche-g2elab.S13";"2018-07-16T19:58:00+02:00";37,632
"ruche-g2elab.S13";"2018-07-16T20:00:00+02:00";37,556
"ruche-g2elab.S13";"2018-07-16T20:02:00+02:00";37,479
"ruche-g2elab.S13";"2018-07-16T20:04:00+02:00";37,403
"ruche-g2elab.S13";"2018-07-16T20:06:00+02:00";37,327
"ruche-g2elab.S13";"2018-07-16T20:08:00+02:00";37,25
"ruche-g2elab.S13";"2018-07-16T20:10:00+02:00";37,174
"ruche-g2elab.S13";"2018-07-16T20:12:00+02:00";37,098
"ruche-g2elab.S13";"2018-07-16T20:14:00+02:00";37,021
"ruche-g2elab.S13";"2018-07-16T20:16:00+02:00";36,945
"ruche-g2elab.S13";"2018-07-16T20:18:00+02:00";36,868
"ruche-g2elab.S13";"2018-07-16T20:20:00+02:00";36,792
"ruche-g2elab.S13";"2018-07-16T20:22:00+02:00";36,716
"ruche-g2elab.S13";"2018-07-16T20:24:00+02:00";36,639
"ruche-g2elab.S13";"2018-07-16T20:26:00+02:00";36,563
"ruche-g2elab.S13";"2018-07-16T20:28:00+02:00";36,487
"ruche-g2elab.S13";"2018-07-16T20:30:00+02:00";36,41
"ruche-g2elab.S13";"2018-07-16T20:32:00+02:00";36,334
"ruche-g2elab.S13";"2018-07-16T20:34:00+02:00";36,258
"ruche-g2elab.S13";"2018-07-16T20:36:00+02:00";36,181
"ruche-g2elab.S13";"2018-07-16T20:38:00+02:00";36,105
"ruche-g2elab.S13";"2018-07-16T20:40:00+02:00";36,029
"ruche-g2elab.S13";"2018-07-16T20:42:00+02:00";35,952
"ruche-g2elab.S13";"2018-07-16T20:44:00+02:00";35,876
"ruche-g2elab.S13";"2018-07-16T20:46:00+02:00";35,8
"ruche-g2elab.S13";"2018-07-16T20:48:00+02:00";35,723
"ruche-g2elab.S13";"2018-07-16T20:50:00+02:00";35,647
"ruche-g2elab.S13";"2018-07-16T20:52:00+02:00";35,571
"ruche-g2elab.S13";"2018-07-16T20:54:00+02:00";35,494
"ruche-g2elab.S13";"2018-07-16T20:56:00+02:00";35,418
"ruche-g2elab.S13";"2018-07-16T20:58:00+02:00";35,341
"ruche-g2elab.S13";"2018-07-16T21:00:00+02:00";35,265
"ruche-g2elab.S13";"2018-07-16T21:02:00+02:00";35,189
"ruche-g2elab.S13";"2018-07-16T21:04:00+02:00";35,112
"ruche-g2elab.S13";"2018-07-16T21:06:00+02:00";35,036
"ruche-g2elab.S13";"2018-07-16T21:08:00+02:00";34,96
"ruche-g2elab.S13";"2018-07-16T21:10:00+02:00";34,883
"ruche-g2elab.S13";"2018-07-16T21:12:00+02:00";34,807
"ruche-g2elab.S13";"2018-07-16T21:14:00+02:00";34,731
"ruche-g2elab.S13";"2018-07-16T21:16:00+02:00";34,654
"ruche-g2elab.S13";"2018-07-16T21:18:00+02:00";34,578
"ruche-g2elab.S13";"2018-07-16T21:20:00+02:00";34,502
"ruche-g2elab.S13";"2018-07-16T21:22:00+02:00";34,425
"ruche-g2elab.S13";"2018-07-16T21:24:00+02:00";34,349
"ruche-g2elab.S13";"2018-07-16T21:26:00+02:00";34,273
"ruche-g2elab.S13";"2018-07-16T21:28:00+02:00";34,196
"ruche-g2elab.S13";"2018-07-16T21:30:00+02:00";34,12
"ruche-g2elab.S13";"2018-07-16T21:32:00+02:00";34,044
"ruche-g2elab.S13";"2018-07-16T21:34:00+02:00";33,967
"ruche-g2elab.S13";"2018-07-16T21:36:00+02:00";33,891
"ruche-g2elab.S13";"2018-07-16T21:38:00+02:00";33,815
"ruche-g2elab.S13";"2018-07-16T21:40:00+02:00";33,738
"ruche-g2elab.S13";"2018-07-16T21:42:00+02:00";33,662
"ruche-g2elab.S13";"2018-07-16T21:44:00+02:00";33,585
"ruche-g2elab.S13";"2018-07-16T21:46:00+02:00";33,509
"ruche-g2elab.S13";"2018-07-16T21:48:00+02:00";33,433
"ruche-g2elab.S13";"2018-07-16T21:50:00+02:00";33,356
"ruche-g2elab.S13";"2018-07-16T21:52:00+02:00";33,28
"ruche-g2elab.S13";"2018-07-16T21:54:00+02:00";33,204
"ruche-g2elab.S13";"2018-07-16T21:56:00+02:00";33,127
"ruche-g2elab.S13";"2018-07-16T21:58:00+02:00";33,051
"ruche-g2elab.S13";"2018-07-16T22:00:00+02:00";32,975
"ruche-g2elab.S13";"2018-07-16T22:02:00+02:00";32,898
"ruche-g2elab.S13";"2018-07-16T22:04:00+02:00";32,822
"ruche-g2elab.S13";"2018-07-16T22:06:00+02:00";32,746
"ruche-g2elab.S13";"2018-07-16T22:08:00+02:00";32,669
"ruche-g2elab.S13";"2018-07-16T22:10:00+02:00";32,593
"ruche-g2elab.S13";"2018-07-16T22:12:00+02:00";32,517
"ruche-g2elab.S13";"2018-07-16T22:14:00+02:00";32,44
"ruche-g2elab.S13";"2018-07-16T22:16:00+02:00";32,364
"ruche-g2elab.S13";"2018-07-16T22:18:00+02:00";32,288
"ruche-g2elab.S13";"2018-07-16T22:20:00+02:00";32,211
"ruche-g2elab.S13";"2018-07-16T22:22:00+02:00";32,135
"ruche-g2elab.S13";"2018-07-16T22:24:00+02:00";32,059
"ruche-g2elab.S13";"2018-07-16T22:26:00+02:00";31,982
"ruche-g2elab.S13";"2018-07-16T22:28:00+02:00";31,906
"ruche-g2elab.S13";"2018-07-16T22:30:00+02:00";31,829
"ruche-g2elab.S13";"2018-07-16T22:32:00+02:00";31,753
"ruche-g2elab.S13";"2018-07-16T22:34:00+02:00";31,677
"ruche-g2elab.S13";"2018-07-16T22:36:00+02:00";31,6
"ruche-g2elab.S13";"2018-07-16T22:38:00+02:00";31,524
"ruche-g2elab.S13";"2018-07-16T22:40:00+02:00";31,448
"ruche-g2elab.S13";"2018-07-16T22:42:00+02:00";31,371
"ruche-g2elab.S13";"2018-07-16T22:44:00+02:00";31,295
"ruche-g2elab.S13";"2018-07-16T22:46:00+02:00";31,219
"ruche-g2elab.S13";"2018-07-16T22:48:00+02:00";31,142
"ruche-g2elab.S13";"2018-07-16T22:50:00+02:00";31,066
"ruche-g2elab.S13";"2018-07-16T22:52:00+02:00";30,99
"ruche-g2elab.S13";"2018-07-16T22:54:00+02:00";30,913
"ruche-g2elab.S13";"2018-07-16T22:56:00+02:00";30,837
"ruche-g2elab.S13";"2018-07-16T22:58:00+02:00";30,761
"ruche-g2elab.S13";"2018-07-16T23:00:00+02:00";30,684
"ruche-g2elab.S13";"2018-07-16T23:02:00+02:00";30,608
"ruche-g2elab.S13";"2018-07-16T23:04:00+02:00";30,532
"ruche-g2elab.S13";"2018-07-16T23:06:00+02:00";30,455
"ruche-g2elab.S13";"2018-07-16T23:08:00+02:00";30,379
"ruche-g2elab.S13";"2018-07-16T23:10:00+02:00";30,302
"ruche-g2elab.S13";"2018-07-16T23:12:00+02:00";30,226
"ruche-g2elab.S13";"2018-07-16T23:14:00+02:00";30,15
"ruche-g2elab.S13";"2018-07-16T23:16:00+02:00";30,073
"ruche-g2elab.S13";"2018-07-16T23:18:00+02:00";29,997
"ruche-g2elab.S13";"2018-07-16T23:20:00+02:00";29,921
"ruche-g2elab.S13";"2018-07-16T23:22:00+02:00";29,844
"ruche-g2elab.S13";"2018-07-16T23:24:00+02:00";29,768
"ruche-g2elab.S13";"2018-07-16T23:26:00+02:00";29,692
"ruche-g2elab.S13";"2018-07-16T23:28:00+02:00";29,615
"ruche-g2elab.S13";"2018-07-16T23:30:00+02:00";29,539
"ruche-g2elab.S13";"2018-07-16T23:32:00+02:00";29,463
"ruche-g2elab.S13";"2018-07-16T23:34:00+02:00";29,386
"ruche-g2elab.S13";"2018-07-16T23:36:00+02:00";29,31
"ruche-g2elab.S13";"2018-07-16T23:38:00+02:00";29,234
"ruche-g2elab.S13";"2018-07-16T23:40:00+02:00";29,157
"ruche-g2elab.S13";"2018-07-16T23:42:00+02:00";29,081
"ruche-g2elab.S13";"2018-07-16T23:44:00+02:00";29,005
"ruche-g2elab.S13";"2018-07-16T23:46:00+02:00";28,928
"ruche-g2elab.S13";"2018-07-16T23:48:00+02:00";28,852
"ruche-g2elab.S13";"2018-07-16T23:50:00+02:00";28,776
"ruche-g2elab.S13";"2018-07-16T23:52:00+02:00";28,699
"ruche-g2elab.S13";"2018-07-16T23:54:00+02:00";28,623
"ruche-g2elab.S13";"2018-07-16T23:56:00+02:00";28,546
"ruche-g2elab.S13";"2018-07-16T23:58:00+02:00";28,47
"ruche-g2elab.S13";"2018-07-17T00:00:00+02:00";28,394
"ruche-g2elab.S13";"2018-07-17T00:02:00+02:00";28,317
"ruche-g2elab.S13";"2018-07-17T00:04:00+02:00";28,241
"ruche-g2elab.S13";"2018-07-17T00:06:00+02:00";28,165
"ruche-g2elab.S13";"2018-07-17T00:08:00+02:00";28,088
"ruche-g2elab.S13";"2018-07-17T00:10:00+02:00";28,012
"ruche-g2elab.S13";"2018-07-17T00:12:00+02:00";27,936
"ruche-g2elab.S13";"2018-07-17T00:14:00+02:00";27,859
"ruche-g2elab.S13";"2018-07-17T00:16:00+02:00";27,783
"ruche-g2elab.S13";"2018-07-17T00:18:00+02:00";27,707
"ruche-g2elab.S13";"2018-07-17T00:20:00+02:00";27,63
"ruche-g2elab.S13";"2018-07-17T00:22:00+02:00";27,554
"ruche-g2elab.S13";"2018-07-17T00:24:00+02:00";27,478
"ruche-g2elab.S13";"2018-07-17T00:26:00+02:00";27,401
"ruche-g2elab.S13";"2018-07-17T00:28:00+02:00";27,325
"ruche-g2elab.S13";"2018-07-17T00:30:00+02:00";27,249
"ruche-g2elab.S13";"2018-07-17T00:32:00+02:00";27,172
"ruche-g2elab.S13";"2018-07-17T00:34:00+02:00";27,096
"ruche-g2elab.S13";"2018-07-17T00:36:00+02:00";27,02
"ruche-g2elab.S13";"2018-07-17T00:38:00+02:00";26,943
"ruche-g2elab.S13";"2018-07-17T00:40:00+02:00";26,867
"ruche-g2elab.S13";"2018-07-17T00:42:00+02:00";26,79
"ruche-g2elab.S13";"2018-07-17T00:44:00+02:00";26,714
"ruche-g2elab.S13";"2018-07-17T00:46:00+02:00";26,638
"ruche-g2elab.S13";"2018-07-17T00:48:00+02:00";26,561
"ruche-g2elab.S13";"2018-07-17T00:50:00+02:00";26,485
"ruche-g2elab.S13";"2018-07-17T00:52:00+02:00";26,409
"ruche-g2elab.S13";"2018-07-17T00:54:00+02:00";26,332
"ruche-g2elab.S13";"2018-07-17T00:56:00+02:00";26,256
"ruche-g2elab.S13";"2018-07-17T00:58:00+02:00";26,18
"ruche-g2elab.S13";"2018-07-17T01:00:00+02:00";26,103
"ruche-g2elab.S13";"2018-07-17T01:02:00+02:00";26,027
"ruche-g2elab.S13";"2018-07-17T01:04:00+02:00";25,951
"ruche-g2elab.S13";"2018-07-17T01:06:00+02:00";25,874
"ruche-g2elab.S13";"2018-07-17T01:08:00+02:00";25,798
"ruche-g2elab.S13";"2018-07-17T01:10:00+02:00";25,722
"ruche-g2elab.S13";"2018-07-17T01:12:00+02:00";25,645
"ruche-g2elab.S13";"2018-07-17T01:14:00+02:00";25,569
"ruche-g2elab.S13";"2018-07-17T01:16:00+02:00";25,493
"ruche-g2elab.S13";"2018-07-17T01:18:00+02:00";25,416
"ruche-g2elab.S13";"2018-07-17T01:20:00+02:00";25,34
"ruche-g2elab.S13";"2018-07-17T01:22:00+02:00";25,263
"ruche-g2elab.S13";"2018-07-17T01:24:00+02:00";25,187
"ruche-g2elab.S13";"2018-07-17T01:26:00+02:00";25,111
"ruche-g2elab.S13";"2018-07-17T01:28:00+02:00";25,034
"ruche-g2elab.S13";"2018-07-17T01:30:00+02:00";24,958
"ruche-g2elab.S13";"2018-07-17T01:32:00+02:00";24,882
"ruche-g2elab.S13";"2018-07-17T01:34:00+02:00";24,805
"ruche-g2elab.S13";"2018-07-17T01:36:00+02:00";24,729
"ruche-g2elab.S13";"2018-07-17T01:38:00+02:00";24,653
"ruche-g2elab.S13";"2018-07-17T01:40:00+02:00";24,576
"ruche-g2elab.S13";"2018-07-17T01:42:00+02:00";24,5
"ruche-g2elab.S13";"2018-07-17T01:44:00+02:00";24,45
"ruche-g2elab.S13";"2018-07-17T01:46:00+02:00";24,4
"ruche-g2elab.S13";"2018-07-17T01:48:00+02:00";24,367
"ruche-g2elab.S13";"2018-07-17T01:50:00+02:00";24,333
"ruche-g2elab.S13";"2018-07-17T01:52:00+02:00";24,3
"ruche-g2elab.S13";"2018-07-17T01:54:00+02:00";24,3
"ruche-g2elab.S13";"2018-07-17T01:56:00+02:00";24,3
"ruche-g2elab.S13";"2018-07-17T01:58:00+02:00";24,25
"ruche-g2elab.S13";"2018-07-17T02:00:00+02:00";24,2
"ruche-g2elab.S13";"2018-07-17T02:02:00+02:00";24,15
"ruche-g2elab.S13";"2018-07-17T02:04:00+02:00";24,1
"ruche-g2elab.S13";"2018-07-17T02:06:00+02:00";24,069
"ruche-g2elab.S13";"2018-07-17T02:08:00+02:00";24,038
"ruche-g2elab.S13";"2018-07-17T02:10:00+02:00";24,008
"ruche-g2elab.S13";"2018-07-17T02:12:00+02:00";23,977
"ruche-g2elab.S13";"2018-07-17T02:14:00+02:00";23,946
"ruche-g2elab.S13";"2018-07-17T02:16:00+02:00";23,915
"ruche-g2elab.S13";"2018-07-17T02:18:00+02:00";23,885
"ruche-g2elab.S13";"2018-07-17T02:20:00+02:00";23,854
"ruche-g2elab.S13";"2018-07-17T02:22:00+02:00";23,823
"ruche-g2elab.S13";"2018-07-17T02:24:00+02:00";23,792
"ruche-g2elab.S13";"2018-07-17T02:26:00+02:00";23,762
"ruche-g2elab.S13";"2018-07-17T02:28:00+02:00";23,731
"ruche-g2elab.S13";"2018-07-17T02:30:00+02:00";23,7
"ruche-g2elab.S13";"2018-07-17T02:32:00+02:00";23,669
"ruche-g2elab.S13";"2018-07-17T02:34:00+02:00";23,638
"ruche-g2elab.S13";"2018-07-17T02:36:00+02:00";23,608
"ruche-g2elab.S13";"2018-07-17T02:38:00+02:00";23,577
"ruche-g2elab.S13";"2018-07-17T02:40:00+02:00";23,546
"ruche-g2elab.S13";"2018-07-17T02:42:00+02:00";23,515
"ruche-g2elab.S13";"2018-07-17T02:44:00+02:00";23,485
"ruche-g2elab.S13";"2018-07-17T02:46:00+02:00";23,454
"ruche-g2elab.S13";"2018-07-17T02:48:00+02:00";23,423
"ruche-g2elab.S13";"2018-07-17T02:50:00+02:00";23,392
"ruche-g2elab.S13";"2018-07-17T02:52:00+02:00";23,362
"ruche-g2elab.S13";"2018-07-17T02:54:00+02:00";23,331
"ruche-g2elab.S13";"2018-07-17T02:56:00+02:00";23,3
"ruche-g2elab.S13";"2018-07-17T02:58:00+02:00";23,3
"ruche-g2elab.S13";"2018-07-17T03:00:00+02:00";23,3
"ruche-g2elab.S13";"2018-07-17T03:02:00+02:00";23,2
"ruche-g2elab.S19";"2018-07-16T16:16:00+02:00";26,4
"ruche-g2elab.S19";"2018-07-16T16:18:00+02:00";26,4
"ruche-g2elab.S19";"2018-07-16T16:20:00+02:00";26,641
"ruche-g2elab.S19";"2018-07-16T16:22:00+02:00";26,883
"ruche-g2elab.S19";"2018-07-16T16:24:00+02:00";27,124
"ruche-g2elab.S19";"2018-07-16T16:26:00+02:00";27,366
"ruche-g2elab.S19";"2018-07-16T16:28:00+02:00";27,607
"ruche-g2elab.S19";"2018-07-16T16:30:00+02:00";27,849
"ruche-g2elab.S19";"2018-07-16T16:32:00+02:00";28,09
"ruche-g2elab.S19";"2018-07-16T16:34:00+02:00";28,332
"ruche-g2elab.S19";"2018-07-16T16:36:00+02:00";28,573
"ruche-g2elab.S19";"2018-07-16T16:38:00+02:00";28,815
"ruche-g2elab.S19";"2018-07-16T16:40:00+02:00";29,056
"ruche-g2elab.S19";"2018-07-16T16:42:00+02:00";29,298
"ruche-g2elab.S19";"2018-07-16T16:44:00+02:00";29,539
"ruche-g2elab.S19";"2018-07-16T16:46:00+02:00";29,78
"ruche-g2elab.S19";"2018-07-16T16:48:00+02:00";30,022
"ruche-g2elab.S19";"2018-07-16T16:50:00+02:00";30,263
"ruche-g2elab.S19";"2018-07-16T16:52:00+02:00";30,505
"ruche-g2elab.S19";"2018-07-16T16:54:00+02:00";30,746
"ruche-g2elab.S19";"2018-07-16T16:56:00+02:00";30,988
"ruche-g2elab.S19";"2018-07-16T16:58:00+02:00";31,229
"ruche-g2elab.S19";"2018-07-16T17:00:00+02:00";31,471
"ruche-g2elab.S19";"2018-07-16T17:02:00+02:00";31,712
"ruche-g2elab.S19";"2018-07-16T17:04:00+02:00";31,954
"ruche-g2elab.S19";"2018-07-16T17:06:00+02:00";32,195
"ruche-g2elab.S19";"2018-07-16T17:08:00+02:00";32,437
"ruche-g2elab.S19";"2018-07-16T17:10:00+02:00";32,678
"ruche-g2elab.S19";"2018-07-16T17:12:00+02:00";32,92
"ruche-g2elab.S19";"2018-07-16T17:14:00+02:00";33,161
"ruche-g2elab.S19";"2018-07-16T17:16:00+02:00";33,402
"ruche-g2elab.S19";"2018-07-16T17:18:00+02:00";33,644
"ruche-g2elab.S19";"2018-07-16T17:20:00+02:00";33,885
"ruche-g2elab.S19";"2018-07-16T17:22:00+02:00";34,127
"ruche-g2elab.S19";"2018-07-16T17:24:00+02:00";34,368
"ruche-g2elab.S19";"2018-07-16T17:26:00+02:00";34,61
"ruche-g2elab.S19";"2018-07-16T17:28:00+02:00";34,851
"ruche-g2elab.S19";"2018-07-16T17:30:00+02:00";35,093
"ruche-g2elab.S19";"2018-07-16T17:32:00+02:00";35,334
"ruche-g2elab.S19";"2018-07-16T17:34:00+02:00";35,576
"ruche-g2elab.S19";"2018-07-16T17:36:00+02:00";35,817
"ruche-g2elab.S19";"2018-07-16T17:38:00+02:00";36,059
"ruche-g2elab.S19";"2018-07-16T17:40:00+02:00";36,3
"ruche-g2elab.S19";"2018-07-16T17:42:00+02:00";36,251
"ruche-g2elab.S19";"2018-07-16T17:44:00+02:00";36,202
"ruche-g2elab.S19";"2018-07-16T17:46:00+02:00";36,153
"ruche-g2elab.S19";"2018-07-16T17:48:00+02:00";36,104
"ruche-g2elab.S19";"2018-07-16T17:50:00+02:00";36,055
"ruche-g2elab.S19";"2018-07-16T17:52:00+02:00";36,006
"ruche-g2elab.S19";"2018-07-16T17:54:00+02:00";35,957
"ruche-g2elab.S19";"2018-07-16T17:56:00+02:00";35,908
"ruche-g2elab.S19";"2018-07-16T17:58:00+02:00";35,859
"ruche-g2elab.S19";"2018-07-16T18:00:00+02:00";35,81
"ruche-g2elab.S19";"2018-07-16T18:02:00+02:00";35,761
"ruche-g2elab.S19";"2018-07-16T18:04:00+02:00";35,712
"ruche-g2elab.S19";"2018-07-16T18:06:00+02:00";35,663
"ruche-g2elab.S19";"2018-07-16T18:08:00+02:00";35,615
"ruche-g2elab.S19";"2018-07-16T18:10:00+02:00";35,566
"ruche-g2elab.S19";"2018-07-16T18:12:00+02:00";35,517
"ruche-g2elab.S19";"2018-07-16T18:14:00+02:00";35,468
"ruche-g2elab.S19";"2018-07-16T18:16:00+02:00";35,419
"ruche-g2elab.S19";"2018-07-16T18:18:00+02:00";35,37
"ruche-g2elab.S19";"2018-07-16T18:20:00+02:00";35,321
"ruche-g2elab.S19";"2018-07-16T18:22:00+02:00";35,272
"ruche-g2elab.S19";"2018-07-16T18:24:00+02:00";35,223
"ruche-g2elab.S19";"2018-07-16T18:26:00+02:00";35,174
"ruche-g2elab.S19";"2018-07-16T18:28:00+02:00";35,125
"ruche-g2elab.S19";"2018-07-16T18:30:00+02:00";35,076
"ruche-g2elab.S19";"2018-07-16T18:32:00+02:00";35,027
"ruche-g2elab.S19";"2018-07-16T18:34:00+02:00";34,978
"ruche-g2elab.S19";"2018-07-16T18:36:00+02:00";34,929
"ruche-g2elab.S19";"2018-07-16T18:38:00+02:00";34,88
"ruche-g2elab.S19";"2018-07-16T18:40:00+02:00";34,831
"ruche-g2elab.S19";"2018-07-16T18:42:00+02:00";34,782
"ruche-g2elab.S19";"2018-07-16T18:44:00+02:00";34,733
"ruche-g2elab.S19";"2018-07-16T18:46:00+02:00";34,684
"ruche-g2elab.S19";"2018-07-16T18:48:00+02:00";34,635
"ruche-g2elab.S19";"2018-07-16T18:50:00+02:00";34,586
"ruche-g2elab.S19";"2018-07-16T18:52:00+02:00";34,537
"ruche-g2elab.S19";"2018-07-16T18:54:00+02:00";34,488
"ruche-g2elab.S19";"2018-07-16T18:56:00+02:00";34,439
"ruche-g2elab.S19";"2018-07-16T18:58:00+02:00";34,39
"ruche-g2elab.S19";"2018-07-16T19:00:00+02:00";34,341
"ruche-g2elab.S19";"2018-07-16T19:02:00+02:00";34,293
"ruche-g2elab.S19";"2018-07-16T19:04:00+02:00";34,244
"ruche-g2elab.S19";"2018-07-16T19:06:00+02:00";34,195
"ruche-g2elab.S19";"2018-07-16T19:08:00+02:00";34,146
"ruche-g2elab.S19";"2018-07-16T19:10:00+02:00";34,097
"ruche-g2elab.S19";"2018-07-16T19:12:00+02:00";34,048
"ruche-g2elab.S19";"2018-07-16T19:14:00+02:00";33,999
"ruche-g2elab.S19";"2018-07-16T19:16:00+02:00";33,95
"ruche-g2elab.S19";"2018-07-16T19:18:00+02:00";33,901
"ruche-g2elab.S19";"2018-07-16T19:20:00+02:00";33,852
"ruche-g2elab.S19";"2018-07-16T19:22:00+02:00";33,803
"ruche-g2elab.S19";"2018-07-16T19:24:00+02:00";33,754
"ruche-g2elab.S19";"2018-07-16T19:26:00+02:00";33,705
"ruche-g2elab.S19";"2018-07-16T19:28:00+02:00";33,656
"ruche-g2elab.S19";"2018-07-16T19:30:00+02:00";33,607
"ruche-g2elab.S19";"2018-07-16T19:32:00+02:00";33,558
"ruche-g2elab.S19";"2018-07-16T19:34:00+02:00";33,509
"ruche-g2elab.S19";"2018-07-16T19:36:00+02:00";33,46
"ruche-g2elab.S19";"2018-07-16T19:38:00+02:00";33,411
"ruche-g2elab.S19";"2018-07-16T19:40:00+02:00";33,362
"ruche-g2elab.S19";"2018-07-16T19:42:00+02:00";33,313
"ruche-g2elab.S19";"2018-07-16T19:44:00+02:00";33,264
"ruche-g2elab.S19";"2018-07-16T19:46:00+02:00";33,215
"ruche-g2elab.S19";"2018-07-16T19:48:00+02:00";33,166
"ruche-g2elab.S19";"2018-07-16T19:50:00+02:00";33,117
"ruche-g2elab.S19";"2018-07-16T19:52:00+02:00";33,068
"ruche-g2elab.S19";"2018-07-16T19:54:00+02:00";33,02
"ruche-g2elab.S19";"2018-07-16T19:56:00+02:00";32,971
"ruche-g2elab.S19";"2018-07-16T19:58:00+02:00";32,922
"ruche-g2elab.S19";"2018-07-16T20:00:00+02:00";32,873
"ruche-g2elab.S19";"2018-07-16T20:02:00+02:00";32,824
"ruche-g2elab.S19";"2018-07-16T20:04:00+02:00";32,775
"ruche-g2elab.S19";"2018-07-16T20:06:00+02:00";32,726
"ruche-g2elab.S19";"2018-07-16T20:08:00+02:00";32,677
"ruche-g2elab.S19";"2018-07-16T20:10:00+02:00";32,628
"ruche-g2elab.S19";"2018-07-16T20:12:00+02:00";32,579
"ruche-g2elab.S19";"2018-07-16T20:14:00+02:00";32,53
"ruche-g2elab.S19";"2018-07-16T20:16:00+02:00";32,481
"ruche-g2elab.S19";"2018-07-16T20:18:00+02:00";32,432
"ruche-g2elab.S19";"2018-07-16T20:20:00+02:00";32,383
"ruche-g2elab.S19";"2018-07-16T20:22:00+02:00";32,334
"ruche-g2elab.S19";"2018-07-16T20:24:00+02:00";32,285
"ruche-g2elab.S19";"2018-07-16T20:26:00+02:00";32,236
"ruche-g2elab.S19";"2018-07-16T20:28:00+02:00";32,187
"ruche-g2elab.S19";"2018-07-16T20:30:00+02:00";32,138
"ruche-g2elab.S19";"2018-07-16T20:32:00+02:00";32,089
"ruche-g2elab.S19";"2018-07-16T20:34:00+02:00";32,04
"ruche-g2elab.S19";"2018-07-16T20:36:00+02:00";31,991
"ruche-g2elab.S19";"2018-07-16T20:38:00+02:00";31,942
"ruche-g2elab.S19";"2018-07-16T20:40:00+02:00";31,893
"ruche-g2elab.S19";"2018-07-16T20:42:00+02:00";31,844
"ruche-g2elab.S19";"2018-07-16T20:44:00+02:00";31,795
"ruche-g2elab.S19";"2018-07-16T20:46:00+02:00";31,746
"ruche-g2elab.S19";"2018-07-16T20:48:00+02:00";31,698
"ruche-g2elab.S19";"2018-07-16T20:50:00+02:00";31,649
"ruche-g2elab.S19";"2018-07-16T20:52:00+02:00";31,6
"ruche-g2elab.S19";"2018-07-16T20:54:00+02:00";31,551
"ruche-g2elab.S19";"2018-07-16T20:56:00+02:00";31,502
"ruche-g2elab.S19";"2018-07-16T20:58:00+02:00";31,453
"ruche-g2elab.S19";"2018-07-16T21:00:00+02:00";31,404
"ruche-g2elab.S19";"2018-07-16T21:02:00+02:00";31,355
"ruche-g2elab.S19";"2018-07-16T21:04:00+02:00";31,306
"ruche-g2elab.S19";"2018-07-16T21:06:00+02:00";31,257
"ruche-g2elab.S19";"2018-07-16T21:08:00+02:00";31,208
"ruche-g2elab.S19";"2018-07-16T21:10:00+02:00";31,159
"ruche-g2elab.S19";"2018-07-16T21:12:00+02:00";31,11
"ruche-g2elab.S19";"2018-07-16T21:14:00+02:00";31,061
"ruche-g2elab.S19";"2018-07-16T21:16:00+02:00";31,012
"ruche-g2elab.S19";"2018-07-16T21:18:00+02:00";30,963
"ruche-g2elab.S19";"2018-07-16T21:20:00+02:00";30,914
"ruche-g2elab.S19";"2018-07-16T21:22:00+02:00";30,865
"ruche-g2elab.S19";"2018-07-16T21:24:00+02:00";30,816
"ruche-g2elab.S19";"2018-07-16T21:26:00+02:00";30,767
"ruche-g2elab.S19";"2018-07-16T21:28:00+02:00";30,718
"ruche-g2elab.S19";"2018-07-16T21:30:00+02:00";30,669
"ruche-g2elab.S19";"2018-07-16T21:32:00+02:00";30,62
"ruche-g2elab.S19";"2018-07-16T21:34:00+02:00";30,571
"ruche-g2elab.S19";"2018-07-16T21:36:00+02:00";30,522
"ruche-g2elab.S19";"2018-07-16T21:38:00+02:00";30,473
"ruche-g2elab.S19";"2018-07-16T21:40:00+02:00";30,424
"ruche-g2elab.S19";"2018-07-16T21:42:00+02:00";30,376
"ruche-g2elab.S19";"2018-07-16T21:44:00+02:00";30,327
"ruche-g2elab.S19";"2018-07-16T21:46:00+02:00";30,278
"ruche-g2elab.S19";"2018-07-16T21:48:00+02:00";30,229
"ruche-g2elab.S19";"2018-07-16T21:50:00+02:00";30,18
"ruche-g2elab.S19";"2018-07-16T21:52:00+02:00";30,131
"ruche-g2elab.S19";"2018-07-16T21:54:00+02:00";30,082
"ruche-g2elab.S19";"2018-07-16T21:56:00+02:00";30,033
"ruche-g2elab.S19";"2018-07-16T21:58:00+02:00";29,984
"ruche-g2elab.S19";"2018-07-16T22:00:00+02:00";29,935
"ruche-g2elab.S19";"2018-07-16T22:02:00+02:00";29,886
"ruche-g2elab.S19";"2018-07-16T22:04:00+02:00";29,837
"ruche-g2elab.S19";"2018-07-16T22:06:00+02:00";29,788
"ruche-g2elab.S19";"2018-07-16T22:08:00+02:00";29,739
"ruche-g2elab.S19";"2018-07-16T22:10:00+02:00";29,69
"ruche-g2elab.S19";"2018-07-16T22:12:00+02:00";29,641
"ruche-g2elab.S19";"2018-07-16T22:14:00+02:00";29,592
"ruche-g2elab.S19";"2018-07-16T22:16:00+02:00";29,543
"ruche-g2elab.S19";"2018-07-16T22:18:00+02:00";29,494
"ruche-g2elab.S19";"2018-07-16T22:20:00+02:00";29,445
"ruche-g2elab.S19";"2018-07-16T22:22:00+02:00";29,396
"ruche-g2elab.S19";"2018-07-16T22:24:00+02:00";29,347
"ruche-g2elab.S19";"2018-07-16T22:26:00+02:00";29,298
"ruche-g2elab.S19";"2018-07-16T22:28:00+02:00";29,249
"ruche-g2elab.S19";"2018-07-16T22:30:00+02:00";29,2
"ruche-g2elab.S19";"2018-07-16T22:32:00+02:00";29,151
"ruche-g2elab.S19";"2018-07-16T22:34:00+02:00";29,102
"ruche-g2elab.S19";"2018-07-16T22:36:00+02:00";29,054
"ruche-g2elab.S19";"2018-07-16T22:38:00+02:00";29,005
"ruche-g2elab.S19";"2018-07-16T22:40:00+02:00";28,956
"ruche-g2elab.S19";"2018-07-16T22:42:00+02:00";28,907
"ruche-g2elab.S19";"2018-07-16T22:44:00+02:00";28,858
"ruche-g2elab.S19";"2018-07-16T22:46:00+02:00";28,809
"ruche-g2elab.S19";"2018-07-16T22:48:00+02:00";28,76
"ruche-g2elab.S19";"2018-07-16T22:50:00+02:00";28,711
"ruche-g2elab.S19";"2018-07-16T22:52:00+02:00";28,662
"ruche-g2elab.S19";"2018-07-16T22:54:00+02:00";28,613
"ruche-g2elab.S19";"2018-07-16T22:56:00+02:00";28,564
"ruche-g2elab.S19";"2018-07-16T22:58:00+02:00";28,515
"ruche-g2elab.S19";"2018-07-16T23:00:00+02:00";28,466
"ruche-g2elab.S19";"2018-07-16T23:02:00+02:00";28,417
"ruche-g2elab.S19";"2018-07-16T23:04:00+02:00";28,368
"ruche-g2elab.S19";"2018-07-16T23:06:00+02:00";28,319
"ruche-g2elab.S19";"2018-07-16T23:08:00+02:00";28,27
"ruche-g2elab.S19";"2018-07-16T23:10:00+02:00";28,221
"ruche-g2elab.S19";"2018-07-16T23:12:00+02:00";28,172
"ruche-g2elab.S19";"2018-07-16T23:14:00+02:00";28,123
"ruche-g2elab.S19";"2018-07-16T23:16:00+02:00";28,074
"ruche-g2elab.S19";"2018-07-16T23:18:00+02:00";28,025
"ruche-g2elab.S19";"2018-07-16T23:20:00+02:00";27,976
"ruche-g2elab.S19";"2018-07-16T23:22:00+02:00";27,927
"ruche-g2elab.S19";"2018-07-16T23:24:00+02:00";27,878
"ruche-g2elab.S19";"2018-07-16T23:26:00+02:00";27,829
"ruche-g2elab.S19";"2018-07-16T23:28:00+02:00";27,78
"ruche-g2elab.S19";"2018-07-16T23:30:00+02:00";27,732
"ruche-g2elab.S19";"2018-07-16T23:32:00+02:00";27,683
"ruche-g2elab.S19";"2018-07-16T23:34:00+02:00";27,634
"ruche-g2elab.S19";"2018-07-16T23:36:00+02:00";27,585
"ruche-g2elab.S19";"2018-07-16T23:38:00+02:00";27,536
"ruche-g2elab.S19";"2018-07-16T23:40:00+02:00";27,487
"ruche-g2elab.S19";"2018-07-16T23:42:00+02:00";27,438
"ruche-g2elab.S19";"2018-07-16T23:44:00+02:00";27,389
"ruche-g2elab.S19";"2018-07-16T23:46:00+02:00";27,34
"ruche-g2elab.S19";"2018-07-16T23:48:00+02:00";27,291
"ruche-g2elab.S19";"2018-07-16T23:50:00+02:00";27,242
"ruche-g2elab.S19";"2018-07-16T23:52:00+02:00";27,193
"ruche-g2elab.S19";"2018-07-16T23:54:00+02:00";27,144
"ruche-g2elab.S19";"2018-07-16T23:56:00+02:00";27,095
"ruche-g2elab.S19";"2018-07-16T23:58:00+02:00";27,046
"ruche-g2elab.S19";"2018-07-17T00:00:00+02:00";26,997
"ruche-g2elab.S19";"2018-07-17T00:02:00+02:00";26,948
"ruche-g2elab.S19";"2018-07-17T00:04:00+02:00";26,899
"ruche-g2elab.S19";"2018-07-17T00:06:00+02:00";26,85
"ruche-g2elab.S19";"2018-07-17T00:08:00+02:00";26,801
"ruche-g2elab.S19";"2018-07-17T00:10:00+02:00";26,752
"ruche-g2elab.S19";"2018-07-17T00:12:00+02:00";26,703
"ruche-g2elab.S19";"2018-07-17T00:14:00+02:00";26,654
"ruche-g2elab.S19";"2018-07-17T00:16:00+02:00";26,605
"ruche-g2elab.S19";"2018-07-17T00:18:00+02:00";26,556
"ruche-g2elab.S19";"2018-07-17T00:20:00+02:00";26,507
"ruche-g2elab.S19";"2018-07-17T00:22:00+02:00";26,459
"ruche-g2elab.S19";"2018-07-17T00:24:00+02:00";26,41
"ruche-g2elab.S19";"2018-07-17T00:26:00+02:00";26,361
"ruche-g2elab.S19";"2018-07-17T00:28:00+02:00";26,312
"ruche-g2elab.S19";"2018-07-17T00:30:00+02:00";26,263
"ruche-g2elab.S19";"2018-07-17T00:32:00+02:00";26,214
"ruche-g2elab.S19";"2018-07-17T00:34:00+02:00";26,165
"ruche-g2elab.S19";"2018-07-17T00:36:00+02:00";26,116
"ruche-g2elab.S19";"2018-07-17T00:38:00+02:00";26,067
"ruche-g2elab.S19";"2018-07-17T00:40:00+02:00";26,018
"ruche-g2elab.S19";"2018-07-17T00:42:00+02:00";25,969
"ruche-g2elab.S19";"2018-07-17T00:44:00+02:00";25,92
"ruche-g2elab.S19";"2018-07-17T00:46:00+02:00";25,871
"ruche-g2elab.S19";"2018-07-17T00:48:00+02:00";25,822
"ruche-g2elab.S19";"2018-07-17T00:50:00+02:00";25,773
"ruche-g2elab.S19";"2018-07-17T00:52:00+02:00";25,724
"ruche-g2elab.S19";"2018-07-17T00:54:00+02:00";25,675
"ruche-g2elab.S19";"2018-07-17T00:56:00+02:00";25,626
"ruche-g2elab.S19";"2018-07-17T00:58:00+02:00";25,577
"ruche-g2elab.S19";"2018-07-17T01:00:00+02:00";25,528
"ruche-g2elab.S19";"2018-07-17T01:02:00+02:00";25,479
"ruche-g2elab.S19";"2018-07-17T01:04:00+02:00";25,43
"ruche-g2elab.S19";"2018-07-17T01:06:00+02:00";25,381
"ruche-g2elab.S19";"2018-07-17T01:08:00+02:00";25,332
"ruche-g2elab.S19";"2018-07-17T01:10:00+02:00";25,283
"ruche-g2elab.S19";"2018-07-17T01:12:00+02:00";25,234
"ruche-g2elab.S19";"2018-07-17T01:14:00+02:00";25,185
"ruche-g2elab.S19";"2018-07-17T01:16:00+02:00";25,137
"ruche-g2elab.S19";"2018-07-17T01:18:00+02:00";25,088
"ruche-g2elab.S19";"2018-07-17T01:20:00+02:00";25,039
"ruche-g2elab.S19";"2018-07-17T01:22:00+02:00";24,99
"ruche-g2elab.S19";"2018-07-17T01:24:00+02:00";24,941
"ruche-g2elab.S19";"2018-07-17T01:26:00+02:00";24,892
"ruche-g2elab.S19";"2018-07-17T01:28:00+02:00";24,843
"ruche-g2elab.S19";"2018-07-17T01:30:00+02:00";24,794
"ruche-g2elab.S19";"2018-07-17T01:32:00+02:00";24,745
"ruche-g2elab.S19";"2018-07-17T01:34:00+02:00";24,696
"ruche-g2elab.S19";"2018-07-17T01:36:00+02:00";24,647
"ruche-g2elab.S19";"2018-07-17T01:38:00+02:00";24,598
"ruche-g2elab.S19";"2018-07-17T01:40:00+02:00";24,549
"ruche-g2elab.S19";"2018-07-17T01:42:00+02:00";24,5
"ruche-g2elab.S19";"2018-07-17T01:44:00+02:00";24,45
"ruche-g2elab.S19";"2018-07-17T01:46:00+02:00";24,4
"ruche-g2elab.S19";"2018-07-17T01:48:00+02:00";24,4
"ruche-g2elab.S19";"2018-07-17T01:50:00+02:00";24,4
"ruche-g2elab.S19";"2018-07-17T01:52:00+02:00";24,4
"ruche-g2elab.S19";"2018-07-17T01:54:00+02:00";24,35
"ruche-g2elab.S19";"2018-07-17T01:56:00+02:00";24,3
"ruche-g2elab.S19";"2018-07-17T01:58:00+02:00";24,275
"ruche-g2elab.S19";"2018-07-17T02:00:00+02:00";24,25
"ruche-g2elab.S19";"2018-07-17T02:02:00+02:00";24,225
"ruche-g2elab.S19";"2018-07-17T02:04:00+02:00";24,2
"ruche-g2elab.S19";"2018-07-17T02:06:00+02:00";24,169
"ruche-g2elab.S19";"2018-07-17T02:08:00+02:00";24,138
"ruche-g2elab.S19";"2018-07-17T02:10:00+02:00";24,108
"ruche-g2elab.S19";"2018-07-17T02:12:00+02:00";24,077
"ruche-g2elab.S19";"2018-07-17T02:14:00+02:00";24,046
"ruche-g2elab.S19";"2018-07-17T02:16:00+02:00";24,015
"ruche-g2elab.S19";"2018-07-17T02:18:00+02:00";23,985
"ruche-g2elab.S19";"2018-07-17T02:20:00+02:00";23,954
"ruche-g2elab.S19";"2018-07-17T02:22:00+02:00";23,923
"ruche-g2elab.S19";"2018-07-17T02:24:00+02:00";23,892
"ruche-g2elab.S19";"2018-07-17T02:26:00+02:00";23,862
"ruche-g2elab.S19";"2018-07-17T02:28:00+02:00";23,831
"ruche-g2elab.S19";"2018-07-17T02:30:00+02:00";23,8
"ruche-g2elab.S19";"2018-07-17T02:32:00+02:00";23,769
"ruche-g2elab.S19";"2018-07-17T02:34:00+02:00";23,738
"ruche-g2elab.S19";"2018-07-17T02:36:00+02:00";23,708
"ruche-g2elab.S19";"2018-07-17T02:38:00+02:00";23,677
"ruche-g2elab.S19";"2018-07-17T02:40:00+02:00";23,646
"ruche-g2elab.S19";"2018-07-17T02:42:00+02:00";23,615
"ruche-g2elab.S19";"2018-07-17T02:44:00+02:00";23,585
"ruche-g2elab.S19";"2018-07-17T02:46:00+02:00";23,554
"ruche-g2elab.S19";"2018-07-17T02:48:00+02:00";23,523
"ruche-g2elab.S19";"2018-07-17T02:50:00+02:00";23,492
"ruche-g2elab.S19";"2018-07-17T02:52:00+02:00";23,462
"ruche-g2elab.S19";"2018-07-17T02:54:00+02:00";23,431
"ruche-g2elab.S19";"2018-07-17T02:56:00+02:00";23,4
"ruche-g2elab.S19";"2018-07-17T02:58:00+02:00";23,4
"ruche-g2elab.S19";"2018-07-17T03:00:00+02:00";23,4
"ruche-g2elab.S19";"2018-07-17T03:02:00+02:00";23,3
"ruche-g2elab.S26";"2018-07-16T16:16:00+02:00";26,6
"ruche-g2elab.S26";"2018-07-16T16:18:00+02:00";26,6
"ruche-g2elab.S26";"2018-07-16T16:20:00+02:00";26,846
"ruche-g2elab.S26";"2018-07-16T16:22:00+02:00";27,093
"ruche-g2elab.S26";"2018-07-16T16:24:00+02:00";27,339
"ruche-g2elab.S26";"2018-07-16T16:26:00+02:00";27,585
"ruche-g2elab.S26";"2018-07-16T16:28:00+02:00";27,832
"ruche-g2elab.S26";"2018-07-16T16:30:00+02:00";28,078
"ruche-g2elab.S26";"2018-07-16T16:32:00+02:00";28,324
"ruche-g2elab.S26";"2018-07-16T16:34:00+02:00";28,571
"ruche-g2elab.S26";"2018-07-16T16:36:00+02:00";28,817
"ruche-g2elab.S26";"2018-07-16T16:38:00+02:00";29,063
"ruche-g2elab.S26";"2018-07-16T16:40:00+02:00";29,31
"ruche-g2elab.S26";"2018-07-16T16:42:00+02:00";29,556
"ruche-g2elab.S26";"2018-07-16T16:44:00+02:00";29,802
"ruche-g2elab.S26";"2018-07-16T16:46:00+02:00";30,049
"ruche-g2elab.S26";"2018-07-16T16:48:00+02:00";30,295
"ruche-g2elab.S26";"2018-07-16T16:50:00+02:00";30,541
"ruche-g2elab.S26";"2018-07-16T16:52:00+02:00";30,788
"ruche-g2elab.S26";"2018-07-16T16:54:00+02:00";31,034
"ruche-g2elab.S26";"2018-07-16T16:56:00+02:00";31,28
"ruche-g2elab.S26";"2018-07-16T16:58:00+02:00";31,527
"ruche-g2elab.S26";"2018-07-16T17:00:00+02:00";31,773
"ruche-g2elab.S26";"2018-07-16T17:02:00+02:00";32,02
"ruche-g2elab.S26";"2018-07-16T17:04:00+02:00";32,266
"ruche-g2elab.S26";"2018-07-16T17:06:00+02:00";32,512
"ruche-g2elab.S26";"2018-07-16T17:08:00+02:00";32,759
"ruche-g2elab.S26";"2018-07-16T17:10:00+02:00";33,005
"ruche-g2elab.S26";"2018-07-16T17:12:00+02:00";33,251
"ruche-g2elab.S26";"2018-07-16T17:14:00+02:00";33,498
"ruche-g2elab.S26";"2018-07-16T17:16:00+02:00";33,744
"ruche-g2elab.S26";"2018-07-16T17:18:00+02:00";33,99
"ruche-g2elab.S26";"2018-07-16T17:20:00+02:00";34,237
"ruche-g2elab.S26";"2018-07-16T17:22:00+02:00";34,483
"ruche-g2elab.S26";"2018-07-16T17:24:00+02:00";34,729
"ruche-g2elab.S26";"2018-07-16T17:26:00+02:00";34,976
"ruche-g2elab.S26";"2018-07-16T17:28:00+02:00";35,222
"ruche-g2elab.S26";"2018-07-16T17:30:00+02:00";35,468
"ruche-g2elab.S26";"2018-07-16T17:32:00+02:00";35,715
"ruche-g2elab.S26";"2018-07-16T17:34:00+02:00";35,961
"ruche-g2elab.S26";"2018-07-16T17:36:00+02:00";36,207
"ruche-g2elab.S26";"2018-07-16T17:38:00+02:00";36,454
"ruche-g2elab.S26";"2018-07-16T17:40:00+02:00";36,7
"ruche-g2elab.S26";"2018-07-16T17:42:00+02:00";36,65
"ruche-g2elab.S26";"2018-07-16T17:44:00+02:00";36,6
"ruche-g2elab.S26";"2018-07-16T17:46:00+02:00";36,551
"ruche-g2elab.S26";"2018-07-16T17:48:00+02:00";36,501
"ruche-g2elab.S26";"2018-07-16T17:50:00+02:00";36,451
"ruche-g2elab.S26";"2018-07-16T17:52:00+02:00";36,401
"ruche-g2elab.S26";"2018-07-16T17:54:00+02:00";36,351
"ruche-g2elab.S26";"2018-07-16T17:56:00+02:00";36,302
"ruche-g2elab.S26";"2018-07-16T17:58:00+02:00";36,252
"ruche-g2elab.S26";"2018-07-16T18:00:00+02:00";36,202
"ruche-g2elab.S26";"2018-07-16T18:02:00+02:00";36,152
"ruche-g2elab.S26";"2018-07-16T18:04:00+02:00";36,102
"ruche-g2elab.S26";"2018-07-16T18:06:00+02:00";36,053
"ruche-g2elab.S26";"2018-07-16T18:08:00+02:00";36,003
"ruche-g2elab.S26";"2018-07-16T18:10:00+02:00";35,953
"ruche-g2elab.S26";"2018-07-16T18:12:00+02:00";35,903
"ruche-g2elab.S26";"2018-07-16T18:14:00+02:00";35,854
"ruche-g2elab.S26";"2018-07-16T18:16:00+02:00";35,804
"ruche-g2elab.S26";"2018-07-16T18:18:00+02:00";35,754
"ruche-g2elab.S26";"2018-07-16T18:20:00+02:00";35,704
"ruche-g2elab.S26";"2018-07-16T18:22:00+02:00";35,654
"ruche-g2elab.S26";"2018-07-16T18:24:00+02:00";35,605
"ruche-g2elab.S26";"2018-07-16T18:26:00+02:00";35,555
"ruche-g2elab.S26";"2018-07-16T18:28:00+02:00";35,505
"ruche-g2elab.S26";"2018-07-16T18:30:00+02:00";35,455
"ruche-g2elab.S26";"2018-07-16T18:32:00+02:00";35,405
"ruche-g2elab.S26";"2018-07-16T18:34:00+02:00";35,356
"ruche-g2elab.S26";"2018-07-16T18:36:00+02:00";35,306
"ruche-g2elab.S26";"2018-07-16T18:38:00+02:00";35,256
"ruche-g2elab.S26";"2018-07-16T18:40:00+02:00";35,206
"ruche-g2elab.S26";"2018-07-16T18:42:00+02:00";35,156
"ruche-g2elab.S26";"2018-07-16T18:44:00+02:00";35,107
"ruche-g2elab.S26";"2018-07-16T18:46:00+02:00";35,057
"ruche-g2elab.S26";"2018-07-16T18:48:00+02:00";35,007
"ruche-g2elab.S26";"2018-07-16T18:50:00+02:00";34,957
"ruche-g2elab.S26";"2018-07-16T18:52:00+02:00";34,907
"ruche-g2elab.S26";"2018-07-16T18:54:00+02:00";34,858
"ruche-g2elab.S26";"2018-07-16T18:56:00+02:00";34,808
"ruche-g2elab.S26";"2018-07-16T18:58:00+02:00";34,758
"ruche-g2elab.S26";"2018-07-16T19:00:00+02:00";34,708
"ruche-g2elab.S26";"2018-07-16T19:02:00+02:00";34,659
"ruche-g2elab.S26";"2018-07-16T19:04:00+02:00";34,609
"ruche-g2elab.S26";"2018-07-16T19:06:00+02:00";34,559
"ruche-g2elab.S26";"2018-07-16T19:08:00+02:00";34,509
"ruche-g2elab.S26";"2018-07-16T19:10:00+02:00";34,459
"ruche-g2elab.S26";"2018-07-16T19:12:00+02:00";34,41
"ruche-g2elab.S26";"2018-07-16T19:14:00+02:00";34,36
"ruche-g2elab.S26";"2018-07-16T19:16:00+02:00";34,31
"ruche-g2elab.S26";"2018-07-16T19:18:00+02:00";34,26
"ruche-g2elab.S26";"2018-07-16T19:20:00+02:00";34,21
"ruche-g2elab.S26";"2018-07-16T19:22:00+02:00";34,161
"ruche-g2elab.S26";"2018-07-16T19:24:00+02:00";34,111
"ruche-g2elab.S26";"2018-07-16T19:26:00+02:00";34,061
"ruche-g2elab.S26";"2018-07-16T19:28:00+02:00";34,011
"ruche-g2elab.S26";"2018-07-16T19:30:00+02:00";33,961
"ruche-g2elab.S26";"2018-07-16T19:32:00+02:00";33,912
"ruche-g2elab.S26";"2018-07-16T19:34:00+02:00";33,862
"ruche-g2elab.S26";"2018-07-16T19:36:00+02:00";33,812
"ruche-g2elab.S26";"2018-07-16T19:38:00+02:00";33,762
"ruche-g2elab.S26";"2018-07-16T19:40:00+02:00";33,712
"ruche-g2elab.S26";"2018-07-16T19:42:00+02:00";33,663
"ruche-g2elab.S26";"2018-07-16T19:44:00+02:00";33,613
"ruche-g2elab.S26";"2018-07-16T19:46:00+02:00";33,563
"ruche-g2elab.S26";"2018-07-16T19:48:00+02:00";33,513
"ruche-g2elab.S26";"2018-07-16T19:50:00+02:00";33,463
"ruche-g2elab.S26";"2018-07-16T19:52:00+02:00";33,414
"ruche-g2elab.S26";"2018-07-16T19:54:00+02:00";33,364
"ruche-g2elab.S26";"2018-07-16T19:56:00+02:00";33,314
"ruche-g2elab.S26";"2018-07-16T19:58:00+02:00";33,264
"ruche-g2elab.S26";"2018-07-16T20:00:00+02:00";33,215
"ruche-g2elab.S26";"2018-07-16T20:02:00+02:00";33,165
"ruche-g2elab.S26";"2018-07-16T20:04:00+02:00";33,115
"ruche-g2elab.S26";"2018-07-16T20:06:00+02:00";33,065
"ruche-g2elab.S26";"2018-07-16T20:08:00+02:00";33,015
"ruche-g2elab.S26";"2018-07-16T20:10:00+02:00";32,966
"ruche-g2elab.S26";"2018-07-16T20:12:00+02:00";32,916
"ruche-g2elab.S26";"2018-07-16T20:14:00+02:00";32,866
"ruche-g2elab.S26";"2018-07-16T20:16:00+02:00";32,816
"ruche-g2elab.S26";"2018-07-16T20:18:00+02:00";32,766
"ruche-g2elab.S26";"2018-07-16T20:20:00+02:00";32,717
"ruche-g2elab.S26";"2018-07-16T20:22:00+02:00";32,667
"ruche-g2elab.S26";"2018-07-16T20:24:00+02:00";32,617
"ruche-g2elab.S26";"2018-07-16T20:26:00+02:00";32,567
"ruche-g2elab.S26";"2018-07-16T20:28:00+02:00";32,517
"ruche-g2elab.S26";"2018-07-16T20:30:00+02:00";32,468
"ruche-g2elab.S26";"2018-07-16T20:32:00+02:00";32,418
"ruche-g2elab.S26";"2018-07-16T20:34:00+02:00";32,368
"ruche-g2elab.S26";"2018-07-16T20:36:00+02:00";32,318
"ruche-g2elab.S26";"2018-07-16T20:38:00+02:00";32,268
"ruche-g2elab.S26";"2018-07-16T20:40:00+02:00";32,219
"ruche-g2elab.S26";"2018-07-16T20:42:00+02:00";32,169
"ruche-g2elab.S26";"2018-07-16T20:44:00+02:00";32,119
"ruche-g2elab.S26";"2018-07-16T20:46:00+02:00";32,069
"ruche-g2elab.S26";"2018-07-16T20:48:00+02:00";32,02
"ruche-g2elab.S26";"2018-07-16T20:50:00+02:00";31,97
"ruche-g2elab.S26";"2018-07-16T20:52:00+02:00";31,92
"ruche-g2elab.S26";"2018-07-16T20:54:00+02:00";31,87
"ruche-g2elab.S26";"2018-07-16T20:56:00+02:00";31,82
"ruche-g2elab.S26";"2018-07-16T20:58:00+02:00";31,771
"ruche-g2elab.S26";"2018-07-16T21:00:00+02:00";31,721
"ruche-g2elab.S26";"2018-07-16T21:02:00+02:00";31,671
"ruche-g2elab.S26";"2018-07-16T21:04:00+02:00";31,621
"ruche-g2elab.S26";"2018-07-16T21:06:00+02:00";31,571
"ruche-g2elab.S26";"2018-07-16T21:08:00+02:00";31,522
"ruche-g2elab.S26";"2018-07-16T21:10:00+02:00";31,472
"ruche-g2elab.S26";"2018-07-16T21:12:00+02:00";31,422
"ruche-g2elab.S26";"2018-07-16T21:14:00+02:00";31,372
"ruche-g2elab.S26";"2018-07-16T21:16:00+02:00";31,322
"ruche-g2elab.S26";"2018-07-16T21:18:00+02:00";31,273
"ruche-g2elab.S26";"2018-07-16T21:20:00+02:00";31,223
"ruche-g2elab.S26";"2018-07-16T21:22:00+02:00";31,173
"ruche-g2elab.S26";"2018-07-16T21:24:00+02:00";31,123
"ruche-g2elab.S26";"2018-07-16T21:26:00+02:00";31,073
"ruche-g2elab.S26";"2018-07-16T21:28:00+02:00";31,024
"ruche-g2elab.S26";"2018-07-16T21:30:00+02:00";30,974
"ruche-g2elab.S26";"2018-07-16T21:32:00+02:00";30,924
"ruche-g2elab.S26";"2018-07-16T21:34:00+02:00";30,874
"ruche-g2elab.S26";"2018-07-16T21:36:00+02:00";30,824
"ruche-g2elab.S26";"2018-07-16T21:38:00+02:00";30,775
"ruche-g2elab.S26";"2018-07-16T21:40:00+02:00";30,725
"ruche-g2elab.S26";"2018-07-16T21:42:00+02:00";30,675
"ruche-g2elab.S26";"2018-07-16T21:44:00+02:00";30,625
"ruche-g2elab.S26";"2018-07-16T21:46:00+02:00";30,576
"ruche-g2elab.S26";"2018-07-16T21:48:00+02:00";30,526
"ruche-g2elab.S26";"2018-07-16T21:50:00+02:00";30,476
"ruche-g2elab.S26";"2018-07-16T21:52:00+02:00";30,426
"ruche-g2elab.S26";"2018-07-16T21:54:00+02:00";30,376
"ruche-g2elab.S26";"2018-07-16T21:56:00+02:00";30,327
"ruche-g2elab.S26";"2018-07-16T21:58:00+02:00";30,277
"ruche-g2elab.S26";"2018-07-16T22:00:00+02:00";30,227
"ruche-g2elab.S26";"2018-07-16T22:02:00+02:00";30,177
"ruche-g2elab.S26";"2018-07-16T22:04:00+02:00";30,127
"ruche-g2elab.S26";"2018-07-16T22:06:00+02:00";30,078
"ruche-g2elab.S26";"2018-07-16T22:08:00+02:00";30,028
"ruche-g2elab.S26";"2018-07-16T22:10:00+02:00";29,978
"ruche-g2elab.S26";"2018-07-16T22:12:00+02:00";29,928
"ruche-g2elab.S26";"2018-07-16T22:14:00+02:00";29,878
"ruche-g2elab.S26";"2018-07-16T22:16:00+02:00";29,829
"ruche-g2elab.S26";"2018-07-16T22:18:00+02:00";29,779
"ruche-g2elab.S26";"2018-07-16T22:20:00+02:00";29,729
"ruche-g2elab.S26";"2018-07-16T22:22:00+02:00";29,679
"ruche-g2elab.S26";"2018-07-16T22:24:00+02:00";29,629
"ruche-g2elab.S26";"2018-07-16T22:26:00+02:00";29,58
"ruche-g2elab.S26";"2018-07-16T22:28:00+02:00";29,53
"ruche-g2elab.S26";"2018-07-16T22:30:00+02:00";29,48
"ruche-g2elab.S26";"2018-07-16T22:32:00+02:00";29,43
"ruche-g2elab.S26";"2018-07-16T22:34:00+02:00";29,38
"ruche-g2elab.S26";"2018-07-16T22:36:00+02:00";29,331
"ruche-g2elab.S26";"2018-07-16T22:38:00+02:00";29,281
"ruche-g2elab.S26";"2018-07-16T22:40:00+02:00";29,231
"ruche-g2elab.S26";"2018-07-16T22:42:00+02:00";29,181
"ruche-g2elab.S26";"2018-07-16T22:44:00+02:00";29,132
"ruche-g2elab.S26";"2018-07-16T22:46:00+02:00";29,082
"ruche-g2elab.S26";"2018-07-16T22:48:00+02:00";29,032
"ruche-g2elab.S26";"2018-07-16T22:50:00+02:00";28,982
"ruche-g2elab.S26";"2018-07-16T22:52:00+02:00";28,932
"ruche-g2elab.S26";"2018-07-16T22:54:00+02:00";28,883
"ruche-g2elab.S26";"2018-07-16T22:56:00+02:00";28,833
"ruche-g2elab.S26";"2018-07-16T22:58:00+02:00";28,783
"ruche-g2elab.S26";"2018-07-16T23:00:00+02:00";28,733
"ruche-g2elab.S26";"2018-07-16T23:02:00+02:00";28,683
"ruche-g2elab.S26";"2018-07-16T23:04:00+02:00";28,634
"ruche-g2elab.S26";"2018-07-16T23:06:00+02:00";28,584
"ruche-g2elab.S26";"2018-07-16T23:08:00+02:00";28,534
"ruche-g2elab.S26";"2018-07-16T23:10:00+02:00";28,484
"ruche-g2elab.S26";"2018-07-16T23:12:00+02:00";28,434
"ruche-g2elab.S26";"2018-07-16T23:14:00+02:00";28,385
"ruche-g2elab.S26";"2018-07-16T23:16:00+02:00";28,335
"ruche-g2elab.S26";"2018-07-16T23:18:00+02:00";28,285
"ruche-g2elab.S26";"2018-07-16T23:20:00+02:00";28,235
"ruche-g2elab.S26";"2018-07-16T23:22:00+02:00";28,185
"ruche-g2elab.S26";"2018-07-16T23:24:00+02:00";28,136
"ruche-g2elab.S26";"2018-07-16T23:26:00+02:00";28,086
"ruche-g2elab.S26";"2018-07-16T23:28:00+02:00";28,036
"ruche-g2elab.S26";"2018-07-16T23:30:00+02:00";27,986
"ruche-g2elab.S26";"2018-07-16T23:32:00+02:00";27,937
"ruche-g2elab.S26";"2018-07-16T23:34:00+02:00";27,887
"ruche-g2elab.S26";"2018-07-16T23:36:00+02:00";27,837
"ruche-g2elab.S26";"2018-07-16T23:38:00+02:00";27,787
"ruche-g2elab.S26";"2018-07-16T23:40:00+02:00";27,737
"ruche-g2elab.S26";"2018-07-16T23:42:00+02:00";27,688
"ruche-g2elab.S26";"2018-07-16T23:44:00+02:00";27,638
"ruche-g2elab.S26";"2018-07-16T23:46:00+02:00";27,588
"ruche-g2elab.S26";"2018-07-16T23:48:00+02:00";27,538
"ruche-g2elab.S26";"2018-07-16T23:50:00+02:00";27,488
"ruche-g2elab.S26";"2018-07-16T23:52:00+02:00";27,439
"ruche-g2elab.S26";"2018-07-16T23:54:00+02:00";27,389
"ruche-g2elab.S26";"2018-07-16T23:56:00+02:00";27,339
"ruche-g2elab.S26";"2018-07-16T23:58:00+02:00";27,289
"ruche-g2elab.S26";"2018-07-17T00:00:00+02:00";27,239
"ruche-g2elab.S26";"2018-07-17T00:02:00+02:00";27,19
"ruche-g2elab.S26";"2018-07-17T00:04:00+02:00";27,14
"ruche-g2elab.S26";"2018-07-17T00:06:00+02:00";27,09
"ruche-g2elab.S26";"2018-07-17T00:08:00+02:00";27,04
"ruche-g2elab.S26";"2018-07-17T00:10:00+02:00";26,99
"ruche-g2elab.S26";"2018-07-17T00:12:00+02:00";26,941
"ruche-g2elab.S26";"2018-07-17T00:14:00+02:00";26,891
"ruche-g2elab.S26";"2018-07-17T00:16:00+02:00";26,841
"ruche-g2elab.S26";"2018-07-17T00:18:00+02:00";26,791
"ruche-g2elab.S26";"2018-07-17T00:20:00+02:00";26,741
"ruche-g2elab.S26";"2018-07-17T00:22:00+02:00";26,692
"ruche-g2elab.S26";"2018-07-17T00:24:00+02:00";26,642
"ruche-g2elab.S26";"2018-07-17T00:26:00+02:00";26,592
"ruche-g2elab.S26";"2018-07-17T00:28:00+02:00";26,542
"ruche-g2elab.S26";"2018-07-17T00:30:00+02:00";26,493
"ruche-g2elab.S26";"2018-07-17T00:32:00+02:00";26,443
"ruche-g2elab.S26";"2018-07-17T00:34:00+02:00";26,393
"ruche-g2elab.S26";"2018-07-17T00:36:00+02:00";26,343
"ruche-g2elab.S26";"2018-07-17T00:38:00+02:00";26,293
"ruche-g2elab.S26";"2018-07-17T00:40:00+02:00";26,244
"ruche-g2elab.S26";"2018-07-17T00:42:00+02:00";26,194
"ruche-g2elab.S26";"2018-07-17T00:44:00+02:00";26,144
"ruche-g2elab.S26";"2018-07-17T00:46:00+02:00";26,094
"ruche-g2elab.S26";"2018-07-17T00:48:00+02:00";26,044
"ruche-g2elab.S26";"2018-07-17T00:50:00+02:00";25,995
"ruche-g2elab.S26";"2018-07-17T00:52:00+02:00";25,945
"ruche-g2elab.S26";"2018-07-17T00:54:00+02:00";25,895
"ruche-g2elab.S26";"2018-07-17T00:56:00+02:00";25,845
"ruche-g2elab.S26";"2018-07-17T00:58:00+02:00";25,795
"ruche-g2elab.S26";"2018-07-17T01:00:00+02:00";25,746
"ruche-g2elab.S26";"2018-07-17T01:02:00+02:00";25,696
"ruche-g2elab.S26";"2018-07-17T01:04:00+02:00";25,646
"ruche-g2elab.S26";"2018-07-17T01:06:00+02:00";25,596
"ruche-g2elab.S26";"2018-07-17T01:08:00+02:00";25,546
"ruche-g2elab.S26";"2018-07-17T01:10:00+02:00";25,497
"ruche-g2elab.S26";"2018-07-17T01:12:00+02:00";25,447
"ruche-g2elab.S26";"2018-07-17T01:14:00+02:00";25,397
"ruche-g2elab.S26";"2018-07-17T01:16:00+02:00";25,347
"ruche-g2elab.S26";"2018-07-17T01:18:00+02:00";25,298
"ruche-g2elab.S26";"2018-07-17T01:20:00+02:00";25,248
"ruche-g2elab.S26";"2018-07-17T01:22:00+02:00";25,198
"ruche-g2elab.S26";"2018-07-17T01:24:00+02:00";25,148
"ruche-g2elab.S26";"2018-07-17T01:26:00+02:00";25,098
"ruche-g2elab.S26";"2018-07-17T01:28:00+02:00";25,049
"ruche-g2elab.S26";"2018-07-17T01:30:00+02:00";24,999
"ruche-g2elab.S26";"2018-07-17T01:32:00+02:00";24,949
"ruche-g2elab.S26";"2018-07-17T01:34:00+02:00";24,899
"ruche-g2elab.S26";"2018-07-17T01:36:00+02:00";24,849
"ruche-g2elab.S26";"2018-07-17T01:38:00+02:00";24,8
"ruche-g2elab.S26";"2018-07-17T01:40:00+02:00";24,75
"ruche-g2elab.S26";"2018-07-17T01:42:00+02:00";24,7
"ruche-g2elab.S26";"2018-07-17T01:44:00+02:00";24,65
"ruche-g2elab.S26";"2018-07-17T01:46:00+02:00";24,6
"ruche-g2elab.S26";"2018-07-17T01:48:00+02:00";24,567
"ruche-g2elab.S26";"2018-07-17T01:50:00+02:00";24,533
"ruche-g2elab.S26";"2018-07-17T01:52:00+02:00";24,5
"ruche-g2elab.S26";"2018-07-17T01:54:00+02:00";24,5
"ruche-g2elab.S26";"2018-07-17T01:56:00+02:00";24,5
"ruche-g2elab.S26";"2018-07-17T01:58:00+02:00";24,475
"ruche-g2elab.S26";"2018-07-17T02:00:00+02:00";24,45
"ruche-g2elab.S26";"2018-07-17T02:02:00+02:00";24,425
"ruche-g2elab.S26";"2018-07-17T02:04:00+02:00";24,4
"ruche-g2elab.S26";"2018-07-17T02:06:00+02:00";24,369
"ruche-g2elab.S26";"2018-07-17T02:08:00+02:00";24,338
"ruche-g2elab.S26";"2018-07-17T02:10:00+02:00";24,308
"ruche-g2elab.S26";"2018-07-17T02:12:00+02:00";24,277
"ruche-g2elab.S26";"2018-07-17T02:14:00+02:00";24,246
"ruche-g2elab.S26";"2018-07-17T02:16:00+02:00";24,215
"ruche-g2elab.S26";"2018-07-17T02:18:00+02:00";24,185
"ruche-g2elab.S26";"2018-07-17T02:20:00+02:00";24,154
"ruche-g2elab.S26";"2018-07-17T02:22:00+02:00";24,123
"ruche-g2elab.S26";"2018-07-17T02:24:00+02:00";24,092
"ruche-g2elab.S26";"2018-07-17T02:26:00+02:00";24,062
"ruche-g2elab.S26";"2018-07-17T02:28:00+02:00";24,031
"ruche-g2elab.S26";"2018-07-17T02:30:00+02:00";24
"ruche-g2elab.S26";"2018-07-17T02:32:00+02:00";23,969
"ruche-g2elab.S26";"2018-07-17T02:34:00+02:00";23,938
"ruche-g2elab.S26";"2018-07-17T02:36:00+02:00";23,908
"ruche-g2elab.S26";"2018-07-17T02:38:00+02:00";23,877
"ruche-g2elab.S26";"2018-07-17T02:40:00+02:00";23,846
"ruche-g2elab.S26";"2018-07-17T02:42:00+02:00";23,815
"ruche-g2elab.S26";"2018-07-17T02:44:00+02:00";23,785
"ruche-g2elab.S26";"2018-07-17T02:46:00+02:00";23,754
"ruche-g2elab.S26";"2018-07-17T02:48:00+02:00";23,723
"ruche-g2elab.S26";"2018-07-17T02:50:00+02:00";23,692
"ruche-g2elab.S26";"2018-07-17T02:52:00+02:00";23,662
"ruche-g2elab.S26";"2018-07-17T02:54:00+02:00";23,631
"ruche-g2elab.S26";"2018-07-17T02:56:00+02:00";23,6
"ruche-g2elab.S26";"2018-07-17T02:58:00+02:00";23,55
"ruche-g2elab.S26";"2018-07-17T03:00:00+02:00";23,5
"ruche-g2elab.S26";"2018-07-17T03:02:00+02:00";23,5
